project_code,inbox_path,filename,extension,size_kb,parent_folder
01_E18-E102,SVV\E18 Vestkorridoren E102\Bunnrensk prøvetaking Høviktunnel (1).pptx,Bunnrensk prøvetaking Høviktunnel (1).pptx,.pptx,2643,SVV\E18 Vestkorridoren E102
01_E18-E102,SVV\E18 Vestkorridoren E102\E102_103 Overvåking bunnrensk og tunnelstein (1).pptx,E102_103 Overvåking bunnrensk og tunnelstein (1).pptx,.pptx,4684,SVV\E18 Vestkorridoren E102
01_E18-E102,SVV\E18 Vestkorridoren E102\Gmail - Bunnrensk E18 Vestkorridoren E102 - bunnrensk dialog med Adam.pdf,Gmail - Bunnrensk E18 Vestkorridoren E102 - bunnrensk dialog med Adam.pdf,.pdf,253,SVV\E18 Vestkorridoren E102
01_E18-E102,SVV\E18 Vestkorridoren E102\Grøft for prøvetaking.jpg,Grøft for prøvetaking.jpg,.jpg,4566,SVV\E18 Vestkorridoren E102
01_E18-E102,SVV\E18 Vestkorridoren E102\Høvik tunnel bunnrensk.xlsx,Høvik tunnel bunnrensk.xlsx,.xlsx,24,SVV\E18 Vestkorridoren E102
01_E18-E102,SVV\E18 Vestkorridoren E102\Kornfordeling Høvik bunnrensk mai 2025.xlsx,Kornfordeling Høvik bunnrensk mai 2025.xlsx,.xlsx,4214,SVV\E18 Vestkorridoren E102
02_E18-E103,"SVV\E18 Vestkorridoren E103\Alle bunnrenskprøver, mangler siste blandeprøve ØL (1).xlsx","Alle bunnrenskprøver, mangler siste blandeprøve ØL (1).xlsx",.xlsx,6033,SVV\E18 Vestkorridoren E103
02_E18-E103,SVV\E18 Vestkorridoren E103\Benzen- Samleark 103.xlsx,Benzen- Samleark 103.xlsx,.xlsx,4555,SVV\E18 Vestkorridoren E103
02_E18-E103,SVV\E18 Vestkorridoren E103\Dialogmøte angående benzen og bunnrensk.pdf,Dialogmøte angående benzen og bunnrensk.pdf,.pdf,2605,SVV\E18 Vestkorridoren E103
02_E18-E103,SVV\E18 Vestkorridoren E103\Endret tillatelse etter forurensningsloven til permanent disponering av bunnrenskmasser - E18 Ly (1).pdf,Endret tillatelse etter forurensningsloven til permanent disponering av bunnrenskmasser - E18 Ly (1).pdf,.pdf,123,SVV\E18 Vestkorridoren E103
02_E18-E103,SVV\E18 Vestkorridoren E103\Kildetester.xlsx,Kildetester.xlsx,.xlsx,23,SVV\E18 Vestkorridoren E103
02_E18-E103,SVV\E18 Vestkorridoren E103\Rapport Skanska E103 med vedlegg.pdf,Rapport Skanska E103 med vedlegg.pdf,.pdf,164,SVV\E18 Vestkorridoren E103
02_E18-E103,SVV\E18 Vestkorridoren E103\Resultateksport data (8).xlsx,Resultateksport data (8).xlsx,.xlsx,4530,SVV\E18 Vestkorridoren E103
02_E18-E103,"SVV\E18 Vestkorridoren E103\Søknad om endring i utslippstillatelse, bunnrenskmasser - E18 Vestkorridoren (1).pdf","Søknad om endring i utslippstillatelse, bunnrenskmasser - E18 Vestkorridoren (1).pdf",.pdf,1258,SVV\E18 Vestkorridoren E103
02_E18-E103,SVV\E18 Vestkorridoren E103\Vilkår til endret tillatelse etter forurensningsloven - Nyttiggjøring av bunnrenskmasser - E18 L (1).pdf,Vilkår til endret tillatelse etter forurensningsloven - Nyttiggjøring av bunnrenskmasser - E18 L (1).pdf,.pdf,238,SVV\E18 Vestkorridoren E103
02_E18-E103,SVV\E18 Vestkorridoren E103\resultater\EDD_XLS_STD_NO2326608_0_nb-NO (2).xlsx,EDD_XLS_STD_NO2326608_0_nb-NO (2).xlsx,.xlsx,24,SVV\E18 Vestkorridoren E103\resultater
02_E18-E103,SVV\E18 Vestkorridoren E103\resultater\EDD_XLS_STD_NO2326608_0_nb-NO.xlsx,EDD_XLS_STD_NO2326608_0_nb-NO.xlsx,.xlsx,24,SVV\E18 Vestkorridoren E103\resultater
02_E18-E103,SVV\E18 Vestkorridoren E103\resultater\EDD_XLS_STD_NO2503280_0_nb-NO.xlsx,EDD_XLS_STD_NO2503280_0_nb-NO.xlsx,.xlsx,19,SVV\E18 Vestkorridoren E103\resultater
02_E18-E103,SVV\E18 Vestkorridoren E103\resultater\EDD_XLS_STD_NO2504945_0_nb-NO.xlsx,EDD_XLS_STD_NO2504945_0_nb-NO.xlsx,.xlsx,20,SVV\E18 Vestkorridoren E103\resultater
02_E18-E103,SVV\E18 Vestkorridoren E103\resultater\EDD_XLS_STD_NO2510239_0_nb-NO.xlsx,EDD_XLS_STD_NO2510239_0_nb-NO.xlsx,.xlsx,19,SVV\E18 Vestkorridoren E103\resultater
02_E18-E103,SVV\E18 Vestkorridoren E103\resultater\EDD_XLS_STD_NO2512144_0_nb-NO.xlsx,EDD_XLS_STD_NO2512144_0_nb-NO.xlsx,.xlsx,19,SVV\E18 Vestkorridoren E103\resultater
02_E18-E103,SVV\E18 Vestkorridoren E103\resultater\EDD_XLS_STD_NO2518613_0_nb-NO.xlsx,EDD_XLS_STD_NO2518613_0_nb-NO.xlsx,.xlsx,19,SVV\E18 Vestkorridoren E103\resultater
02_E18-E103,SVV\E18 Vestkorridoren E103\resultater\NO2326608001.pdf,NO2326608001.pdf,.pdf,56,SVV\E18 Vestkorridoren E103\resultater
02_E18-E103,SVV\E18 Vestkorridoren E103\resultater\NO2326608002.pdf,NO2326608002.pdf,.pdf,64,SVV\E18 Vestkorridoren E103\resultater
02_E18-E103,SVV\E18 Vestkorridoren E103\resultater\NO2326608003.pdf,NO2326608003.pdf,.pdf,63,SVV\E18 Vestkorridoren E103\resultater
02_E18-E103,SVV\E18 Vestkorridoren E103\resultater\NO2326608_0_COA_Standard (Preliminary Report - 2023-Dec-22--14-54-49 ) _nb-NO.pdf,NO2326608_0_COA_Standard (Preliminary Report - 2023-Dec-22--14-54-49 ) _nb-NO.pdf,.pdf,242,SVV\E18 Vestkorridoren E103\resultater
02_E18-E103,SVV\E18 Vestkorridoren E103\resultater\NO2326608_0_COA_Standard_nb-NO.pdf,NO2326608_0_COA_Standard_nb-NO.pdf,.pdf,242,SVV\E18 Vestkorridoren E103\resultater
02_E18-E103,SVV\E18 Vestkorridoren E103\resultater\NO2326608_Attachement_4.pdf,NO2326608_Attachement_4.pdf,.pdf,144,SVV\E18 Vestkorridoren E103\resultater
02_E18-E103,SVV\E18 Vestkorridoren E103\resultater\NO2326608_Attachement_5.pdf,NO2326608_Attachement_5.pdf,.pdf,144,SVV\E18 Vestkorridoren E103\resultater
02_E18-E103,SVV\E18 Vestkorridoren E103\resultater\NO2326608_Attachement_6.pdf,NO2326608_Attachement_6.pdf,.pdf,144,SVV\E18 Vestkorridoren E103\resultater
02_E18-E103,SVV\E18 Vestkorridoren E103\resultater\NO2326608_Attachment_1.pdf,NO2326608_Attachment_1.pdf,.pdf,807,SVV\E18 Vestkorridoren E103\resultater
02_E18-E103,SVV\E18 Vestkorridoren E103\resultater\NO2326608_Attachment_2.pdf,NO2326608_Attachment_2.pdf,.pdf,809,SVV\E18 Vestkorridoren E103\resultater
02_E18-E103,SVV\E18 Vestkorridoren E103\resultater\NO2326608_Attachment_3.pdf,NO2326608_Attachment_3.pdf,.pdf,807,SVV\E18 Vestkorridoren E103\resultater
02_E18-E103,"SVV\E18 Vestkorridoren E103\resultater\NO2503280,29792-29793-25 20-02-2025 11.35.27-337 V 1 - Chromatogrammer.pdf","NO2503280,29792-29793-25 20-02-2025 11.35.27-337 V 1 - Chromatogrammer.pdf",.pdf,160,SVV\E18 Vestkorridoren E103\resultater
02_E18-E103,SVV\E18 Vestkorridoren E103\resultater\NO2503280_0_COA_Standard_nb-NO.pdf,NO2503280_0_COA_Standard_nb-NO.pdf,.pdf,330,SVV\E18 Vestkorridoren E103\resultater
02_E18-E103,SVV\E18 Vestkorridoren E103\resultater\NO2504945_0_COA_Standard_nb-NO.pdf,NO2504945_0_COA_Standard_nb-NO.pdf,.pdf,353,SVV\E18 Vestkorridoren E103\resultater
02_E18-E103,SVV\E18 Vestkorridoren E103\resultater\NO2510239_0_COA_Standard_nb-NO.pdf,NO2510239_0_COA_Standard_nb-NO.pdf,.pdf,324,SVV\E18 Vestkorridoren E103\resultater
02_E18-E103,SVV\E18 Vestkorridoren E103\resultater\NO2512144_0_COA_Standard_nb-NO.pdf,NO2512144_0_COA_Standard_nb-NO.pdf,.pdf,324,SVV\E18 Vestkorridoren E103\resultater
02_E18-E103,SVV\E18 Vestkorridoren E103\resultater\NO2518613_0_COA_Standard_nb-NO.pdf,NO2518613_0_COA_Standard_nb-NO.pdf,.pdf,327,SVV\E18 Vestkorridoren E103\resultater
02_E18-E103,SVV\E18 Vestkorridoren\E103\Bunnrensk- rapport og risikovurdering -NGI.pdf,Bunnrensk- rapport og risikovurdering -NGI.pdf,.pdf,2324,SVV\E18 Vestkorridoren\E103
02_E18-E103,SVV\E18 Vestkorridoren\E103\Prøvetaking bunnrensk - etter 7 mnd lagring.pdf,Prøvetaking bunnrensk - etter 7 mnd lagring.pdf,.pdf,212,SVV\E18 Vestkorridoren\E103
02_E18-E103,SVV\E18 Vestkorridoren\E103\SV_ Bunnrenskmasser - prøvetaking_ forurensingsnivå.msg,SV_ Bunnrenskmasser - prøvetaking_ forurensingsnivå.msg,.msg,2712,SVV\E18 Vestkorridoren\E103
03_E136-Ålesund,SVV\Ålesund E136 Lerstadtunnelen\Ingeniørgeologisk rapport for byggeplan rev 1 - E136 Breivika - Lerstad.pdf,Ingeniørgeologisk rapport for byggeplan rev 1 - E136 Breivika - Lerstad.pdf,.pdf,24003,SVV\Ålesund E136 Lerstadtunnelen
03_E136-Ålesund,SVV\Ålesund E136 Lerstadtunnelen\Prøvetaking tunnel.xlsx,Prøvetaking tunnel.xlsx,.xlsx,16,SVV\Ålesund E136 Lerstadtunnelen
03_E136-Ålesund,SVV\Ålesund E136 Lerstadtunnelen\SV_ Bunnrenskmasser - prøvetaking_ forurensingsnivå.msg,SV_ Bunnrenskmasser - prøvetaking_ forurensingsnivå.msg,.msg,24334,SVV\Ålesund E136 Lerstadtunnelen
04_Sotrasambandet,SVV\Sotrasambandet\F_1500-Geologi R01-A01 Nye Kolltveittunnelen.pdf,F_1500-Geologi R01-A01 Nye Kolltveittunnelen.pdf,.pdf,8383,SVV\Sotrasambandet
04_Sotrasambandet,SVV\Sotrasambandet\F_1501-Geologi R02-A01 Straumetunnelen.pdf,F_1501-Geologi R02-A01 Straumetunnelen.pdf,.pdf,7236,SVV\Sotrasambandet
04_Sotrasambandet,SVV\Sotrasambandet\F_1502-Geologi R03-A01 Knarreviktunnelen.pdf,F_1502-Geologi R03-A01 Knarreviktunnelen.pdf,.pdf,10116,SVV\Sotrasambandet
04_Sotrasambandet,SVV\Sotrasambandet\Knarrevika tunnel\20251014-1029-1103_A6_Knarrvika_Tunnel_sampling_report.pdf,20251014-1029-1103_A6_Knarrvika_Tunnel_sampling_report.pdf,.pdf,2401,SVV\Sotrasambandet\Knarrevika tunnel
04_Sotrasambandet,SVV\Sotrasambandet\Knarrevika tunnel\20251014_A06_ExcelReport_EUNOBE-00090448_-_4_av_4_-_20251020_1337_SLAM.xlsx,20251014_A06_ExcelReport_EUNOBE-00090448_-_4_av_4_-_20251020_1337_SLAM.xlsx,.xlsx,64,SVV\Sotrasambandet\Knarrevika tunnel
04_Sotrasambandet,SVV\Sotrasambandet\Knarrevika tunnel\20251014_A6_Knarrvika_Tunnel_sampling_points.pdf,20251014_A6_Knarrvika_Tunnel_sampling_points.pdf,.pdf,67,SVV\Sotrasambandet\Knarrevika tunnel
04_Sotrasambandet,SVV\Sotrasambandet\Knarrevika tunnel\ExcelReport_EUNOBE-00090446_-_6_av_6_-_20251017_0838.xlsx,ExcelReport_EUNOBE-00090446_-_6_av_6_-_20251017_0838.xlsx,.xlsx,38,SVV\Sotrasambandet\Knarrevika tunnel
04_Sotrasambandet,SVV\Sotrasambandet\Kolltveittunnelen_Analyseresultater bunnrensk og prosedyre.zip,Kolltveittunnelen_Analyseresultater bunnrensk og prosedyre.zip,.zip,595,SVV\Sotrasambandet
04_Sotrasambandet,SVV\Sotrasambandet\Prøveresultater bunnrenskmasser Straumetunnelen.zip,Prøveresultater bunnrenskmasser Straumetunnelen.zip,.zip,2290,SVV\Sotrasambandet
04_Sotrasambandet,SVV\Sotrasambandet\Rv. 555 -Geologiske rapporter.zip,Rv. 555 -Geologiske rapporter.zip,.zip,42231,SVV\Sotrasambandet
04_Sotrasambandet,SVV\Sotrasambandet\Sv_ Bunnrenskmasser - prøvetaking_ forurensingsnivå.msg,Sv_ Bunnrenskmasser - prøvetaking_ forurensingsnivå.msg,.msg,110,SVV\Sotrasambandet
04_Sotrasambandet,SVV\Sotrasambandet\Sv_ Prøveresultater Straumetunnelen Rv_555 Sotrasambandet.msg,Sv_ Prøveresultater Straumetunnelen Rv_555 Sotrasambandet.msg,.msg,97,SVV\Sotrasambandet
05_Bjørum-Skaret,SVV\E16 Bjørum Skaret\SVV prøver\Bukkesteinhøgdtunnel etter utlegging Skaret\15 des\15des_prøver_med_merking.xlsx,15des_prøver_med_merking.xlsx,.xlsx,45,SVV\E16 Bjørum Skaret\SVV prøver\Bukkesteinhøgdtunnel etter utlegging Skaret\15 des
05_Bjørum-Skaret,SVV\E16 Bjørum Skaret\SVV prøver\Bukkesteinhøgdtunnel etter utlegging Skaret\15 des\EUNOMO-00359293_10625-18  501844 - 2 av 2 - 20230120 1137.pdf,EUNOMO-00359293_10625-18  501844 - 2 av 2 - 20230120 1137.pdf,.pdf,305,SVV\E16 Bjørum Skaret\SVV prøver\Bukkesteinhøgdtunnel etter utlegging Skaret\15 des
05_Bjørum-Skaret,SVV\E16 Bjørum Skaret\SVV prøver\Bukkesteinhøgdtunnel etter utlegging Skaret\15 des\ExcelReport_EUNOMO-00359293 - 2 av 2 - 20230120 1136.xlsx,ExcelReport_EUNOMO-00359293 - 2 av 2 - 20230120 1136.xlsx,.xlsx,31,SVV\E16 Bjørum Skaret\SVV prøver\Bukkesteinhøgdtunnel etter utlegging Skaret\15 des
05_Bjørum-Skaret,SVV\E16 Bjørum Skaret\SVV prøver\Bukkesteinhøgdtunnel etter utlegging Skaret\15 des\Vannmiljo_EUNOMO-00359293 - 2 av 2 - 20230120 1137.xlsx,Vannmiljo_EUNOMO-00359293 - 2 av 2 - 20230120 1137.xlsx,.xlsx,33,SVV\E16 Bjørum Skaret\SVV prøver\Bukkesteinhøgdtunnel etter utlegging Skaret\15 des
05_Bjørum-Skaret,SVV\E16 Bjørum Skaret\SVV prøver\Bukkesteinhøgdtunnel etter utlegging Skaret\knust prøve nov 22\EUNOMO-00355858_10625-18501844 - 1 av 1 - 20221123 1758 (002).pdf,EUNOMO-00355858_10625-18501844 - 1 av 1 - 20221123 1758 (002).pdf,.pdf,75,SVV\E16 Bjørum Skaret\SVV prøver\Bukkesteinhøgdtunnel etter utlegging Skaret\knust prøve nov 22
05_Bjørum-Skaret,SVV\E16 Bjørum Skaret\SVV prøver\Bukkesteinhøgdtunnel etter utlegging Skaret\knust prøve nov 22\EUNOMO-00356367 - 1 av 1 - 20221129 md merking.xlsx,EUNOMO-00356367 - 1 av 1 - 20221129 md merking.xlsx,.xlsx,25,SVV\E16 Bjørum Skaret\SVV prøver\Bukkesteinhøgdtunnel etter utlegging Skaret\knust prøve nov 22
05_Bjørum-Skaret,SVV\E16 Bjørum Skaret\SVV prøver\Bukkesteinhøgdtunnel etter utlegging Skaret\knust prøve nov 22\EUNOMO-00356367_10625-18501844 - 1 av 1 - 20221129 1446.pdf,EUNOMO-00356367_10625-18501844 - 1 av 1 - 20221129 1446.pdf,.pdf,93,SVV\E16 Bjørum Skaret\SVV prøver\Bukkesteinhøgdtunnel etter utlegging Skaret\knust prøve nov 22
05_Bjørum-Skaret,SVV\E16 Bjørum Skaret\SVV prøver\Bukkesteinhøgdtunnel etter utlegging Skaret\knust prøve nov 22\EUNOMO-00356388_10625-18501844 - 1 av 1 - 20221209 1133.pdf,EUNOMO-00356388_10625-18501844 - 1 av 1 - 20221209 1133.pdf,.pdf,75,SVV\E16 Bjørum Skaret\SVV prøver\Bukkesteinhøgdtunnel etter utlegging Skaret\knust prøve nov 22
05_Bjørum-Skaret,SVV\E16 Bjørum Skaret\SVV prøver\Bukkesteinhøgdtunnel etter utlegging Skaret\knust prøve nov 22\ExcelReport_EUNOMO-00356367 - 1 av 1 - 20221129 1445.xlsx,ExcelReport_EUNOMO-00356367 - 1 av 1 - 20221129 1445.xlsx,.xlsx,28,SVV\E16 Bjørum Skaret\SVV prøver\Bukkesteinhøgdtunnel etter utlegging Skaret\knust prøve nov 22
05_Bjørum-Skaret,SVV\E16 Bjørum Skaret\SVV prøver\Bukkesteinhøgdtunnel etter utlegging Skaret\knust prøve nov 22\ExcelReport_EUNOMO-00356388 - 1 av 1 - 20221209 1133.xlsx,ExcelReport_EUNOMO-00356388 - 1 av 1 - 20221209 1133.xlsx,.xlsx,23,SVV\E16 Bjørum Skaret\SVV prøver\Bukkesteinhøgdtunnel etter utlegging Skaret\knust prøve nov 22
05_Bjørum-Skaret,SVV\E16 Bjørum Skaret\SVV prøver\Bukkesteinhøgdtunnel etter utlegging Skaret\knust prøve nov 22\Vannmiljo_EUNOMO-00356367 - 1 av 1 - 20221129 1445.xlsx,Vannmiljo_EUNOMO-00356367 - 1 av 1 - 20221129 1445.xlsx,.xlsx,29,SVV\E16 Bjørum Skaret\SVV prøver\Bukkesteinhøgdtunnel etter utlegging Skaret\knust prøve nov 22
05_Bjørum-Skaret,SVV\E16 Bjørum Skaret\SVV prøver\Bukkesteinhøgdtunnel etter utlegging Skaret\knust prøve nov 22\Vannmiljo_EUNOMO-00356388 - 1 av 1 - 20221209 1133.xlsx,Vannmiljo_EUNOMO-00356388 - 1 av 1 - 20221209 1133.xlsx,.xlsx,23,SVV\E16 Bjørum Skaret\SVV prøver\Bukkesteinhøgdtunnel etter utlegging Skaret\knust prøve nov 22
05_Bjørum-Skaret,SVV\E16 Bjørum Skaret\SVV prøver\Bukkesteinhøgdtunnel etter utlegging Skaret\sikta prøve 2022_nov 24 tatt 17 nov\EUNOMO-00356531 - 1 av 1 - 20221209 1133_merking.xlsx,EUNOMO-00356531 - 1 av 1 - 20221209 1133_merking.xlsx,.xlsx,28,SVV\E16 Bjørum Skaret\SVV prøver\Bukkesteinhøgdtunnel etter utlegging Skaret\sikta prøve 2022_nov 24 tatt 17 nov
05_Bjørum-Skaret,SVV\E16 Bjørum Skaret\SVV prøver\Bukkesteinhøgdtunnel etter utlegging Skaret\sikta prøve 2022_nov 24 tatt 17 nov\EUNOMO-00356531_10625-18  501844 - 1 av 1 - 20221209 1133.pdf,EUNOMO-00356531_10625-18  501844 - 1 av 1 - 20221209 1133.pdf,.pdf,97,SVV\E16 Bjørum Skaret\SVV prøver\Bukkesteinhøgdtunnel etter utlegging Skaret\sikta prøve 2022_nov 24 tatt 17 nov
05_Bjørum-Skaret,SVV\E16 Bjørum Skaret\SVV prøver\Bukkesteinhøgdtunnel etter utlegging Skaret\sikta prøve 2022_nov 24 tatt 17 nov\ExcelReport_EUNOMO-00356531 - 1 av 1 - 20221209 1133.xlsx,ExcelReport_EUNOMO-00356531 - 1 av 1 - 20221209 1133.xlsx,.xlsx,29,SVV\E16 Bjørum Skaret\SVV prøver\Bukkesteinhøgdtunnel etter utlegging Skaret\sikta prøve 2022_nov 24 tatt 17 nov
05_Bjørum-Skaret,SVV\E16 Bjørum Skaret\SVV prøver\Bukkesteinhøgdtunnel etter utlegging Skaret\sikta prøve 2022_nov 24 tatt 17 nov\Vannmiljo_EUNOMO-00356531 - 1 av 1 - 20221209 1133.xlsx,Vannmiljo_EUNOMO-00356531 - 1 av 1 - 20221209 1133.xlsx,.xlsx,30,SVV\E16 Bjørum Skaret\SVV prøver\Bukkesteinhøgdtunnel etter utlegging Skaret\sikta prøve 2022_nov 24 tatt 17 nov
05_Bjørum-Skaret,SVV\E16 Bjørum Skaret\SVV prøver\Sollihøgdtunnel\EUNOMO-00392110 - 6 av 6 - 20231016 1314.xlsx,EUNOMO-00392110 - 6 av 6 - 20231016 1314.xlsx,.xlsx,51,SVV\E16 Bjørum Skaret\SVV prøver\Sollihøgdtunnel
05_Bjørum-Skaret,SVV\E16 Bjørum Skaret\SVV prøver\Sollihøgdtunnel\EUNOMO-00392110_10625-18  501844 (steinmasser fra tunnel) - 6 av 6 - 20231016 1314.pdf,EUNOMO-00392110_10625-18  501844 (steinmasser fra tunnel) - 6 av 6 - 20231016 1314.pdf,.pdf,302,SVV\E16 Bjørum Skaret\SVV prøver\Sollihøgdtunnel
05_Bjørum-Skaret,SVV\E16 Bjørum Skaret\SVV prøver\Sollihøgdtunnel\EUNOMO-00407650_10625-18  501844 - 2 av 2 - 20240311 1611.pdf,EUNOMO-00407650_10625-18  501844 - 2 av 2 - 20240311 1611.pdf,.pdf,141,SVV\E16 Bjørum Skaret\SVV prøver\Sollihøgdtunnel
05_Bjørum-Skaret,SVV\E16 Bjørum Skaret\SVV prøver\Sollihøgdtunnel\ExcelReport_EUNOMO-00407650 - 2 av 2 - 20240311 1610.xlsx,ExcelReport_EUNOMO-00407650 - 2 av 2 - 20240311 1610.xlsx,.xlsx,26,SVV\E16 Bjørum Skaret\SVV prøver\Sollihøgdtunnel
05_Bjørum-Skaret,SVV\E16 Bjørum Skaret\SVV prøver\Sollihøgdtunnel\ExcelReport_EUNOMO-00407650 - 2 av 2 - 20240311 1610_merking.xlsx,ExcelReport_EUNOMO-00407650 - 2 av 2 - 20240311 1610_merking.xlsx,.xlsx,26,SVV\E16 Bjørum Skaret\SVV prøver\Sollihøgdtunnel
05_Bjørum-Skaret,SVV\E16 Bjørum Skaret\Skanska prøver\Uke_10_2022 Sollihøgdatunnelen M5 Sørgående\EUNOMO-00326648_E16BS Bunnrenskmasser Avtjerna 245651 - 5 av 5 enkeltprøver .pdf,EUNOMO-00326648_E16BS Bunnrenskmasser Avtjerna 245651 - 5 av 5 enkeltprøver .pdf,.pdf,186,SVV\E16 Bjørum Skaret\Skanska prøver\Uke_10_2022 Sollihøgdatunnelen M5 Sørgående
05_Bjørum-Skaret,SVV\E16 Bjørum Skaret\Skanska prøver\Uke_10_2022 Sollihøgdatunnelen M5 Sørgående\ExcelReport_EUNOMO-00326648 - 5 av 5 - enkeltprøver.xlsx,ExcelReport_EUNOMO-00326648 - 5 av 5 - enkeltprøver.xlsx,.xlsx,45,SVV\E16 Bjørum Skaret\Skanska prøver\Uke_10_2022 Sollihøgdatunnelen M5 Sørgående
05_Bjørum-Skaret,SVV\E16 Bjørum Skaret\Skanska prøver\Uke_26_2022 Sollihøgdatunnelen M6 Nordgående\EUNOMO-00339019_E16 BS Bunnrensk Skaret Nord U26 prosjekt 245651.pdf,EUNOMO-00339019_E16 BS Bunnrensk Skaret Nord U26 prosjekt 245651.pdf,.pdf,412,SVV\E16 Bjørum Skaret\Skanska prøver\Uke_26_2022 Sollihøgdatunnelen M6 Nordgående
05_Bjørum-Skaret,SVV\E16 Bjørum Skaret\Skanska prøver\Uke_26_2022 Sollihøgdatunnelen M6 Nordgående\ExcelReport_EUNOMO-00339019 - 6 av 6 - 20220722 0923.xlsx,ExcelReport_EUNOMO-00339019 - 6 av 6 - 20220722 0923.xlsx,.xlsx,56,SVV\E16 Bjørum Skaret\Skanska prøver\Uke_26_2022 Sollihøgdatunnelen M6 Nordgående
05_Bjørum-Skaret,SVV\E16 Bjørum Skaret\Skanska prøver\Uke_50_2021 Sollihødatunnelen rein stein M6\EUNOMO-00318835_E16 BS Tunnelstein Skaret U50 prosjekt 245651 -.pdf,EUNOMO-00318835_E16 BS Tunnelstein Skaret U50 prosjekt 245651 -.pdf,.pdf,215,SVV\E16 Bjørum Skaret\Skanska prøver\Uke_50_2021 Sollihødatunnelen rein stein M6
05_Bjørum-Skaret,SVV\E16 Bjørum Skaret\Skanska prøver\Uke_50_2021 Sollihødatunnelen rein stein M6\ExcelReport_EUNOMO-00318835 - 3 av 3 - 20220117 1435.xlsx,ExcelReport_EUNOMO-00318835 - 3 av 3 - 20220117 1435.xlsx,.xlsx,20,SVV\E16 Bjørum Skaret\Skanska prøver\Uke_50_2021 Sollihødatunnelen rein stein M6
05_Bjørum-Skaret,SVV\E16 Bjørum Skaret\Skanska prøver\Uke_9_2022 Sollihøgdatunnelen M6 Nordgående\EUNOMO-00326313_Oppbevaring E16BS Bunnrenskmasser Skaret 245651 - 5 av 5 - 20220419 1453.pdf,EUNOMO-00326313_Oppbevaring E16BS Bunnrenskmasser Skaret 245651 - 5 av 5 - 20220419 1453.pdf,.pdf,164,SVV\E16 Bjørum Skaret\Skanska prøver\Uke_9_2022 Sollihøgdatunnelen M6 Nordgående
05_Bjørum-Skaret,SVV\E16 Bjørum Skaret\Skanska prøver\Uke_9_2022 Sollihøgdatunnelen M6 Nordgående\ExcelReport_EUNOMO-00326313 - 5 av 5 - 20220419 1453.xlsx,ExcelReport_EUNOMO-00326313 - 5 av 5 - 20220419 1453.xlsx,.xlsx,46,SVV\E16 Bjørum Skaret\Skanska prøver\Uke_9_2022 Sollihøgdatunnelen M6 Nordgående
05_Bjørum-Skaret,SVV\E16 Bjørum Skaret\analyser\Ferdig Total klassifisering bunnrensk fullstendige prøver.xlsx,Ferdig Total klassifisering bunnrensk fullstendige prøver.xlsx,.xlsx,34,SVV\E16 Bjørum Skaret\analyser
05_Bjørum-Skaret,SVV\E16 Bjørum Skaret\analyser\SVV prøver\Bukkesteinhøgdtunnel etter utlegging Skaret\15 des\15des_prøver_med_merking.xlsx,15des_prøver_med_merking.xlsx,.xlsx,45,SVV\E16 Bjørum Skaret\analyser\SVV prøver\Bukkesteinhøgdtunnel etter utlegging Skaret\15 des
05_Bjørum-Skaret,SVV\E16 Bjørum Skaret\analyser\SVV prøver\Bukkesteinhøgdtunnel etter utlegging Skaret\15 des\EUNOMO-00359293_10625-18  501844 - 2 av 2 - 20230120 1137.pdf,EUNOMO-00359293_10625-18  501844 - 2 av 2 - 20230120 1137.pdf,.pdf,305,SVV\E16 Bjørum Skaret\analyser\SVV prøver\Bukkesteinhøgdtunnel etter utlegging Skaret\15 des
05_Bjørum-Skaret,SVV\E16 Bjørum Skaret\analyser\SVV prøver\Bukkesteinhøgdtunnel etter utlegging Skaret\15 des\ExcelReport_EUNOMO-00359293 - 2 av 2 - 20230120 1136.xlsx,ExcelReport_EUNOMO-00359293 - 2 av 2 - 20230120 1136.xlsx,.xlsx,31,SVV\E16 Bjørum Skaret\analyser\SVV prøver\Bukkesteinhøgdtunnel etter utlegging Skaret\15 des
05_Bjørum-Skaret,SVV\E16 Bjørum Skaret\analyser\SVV prøver\Bukkesteinhøgdtunnel etter utlegging Skaret\15 des\Vannmiljo_EUNOMO-00359293 - 2 av 2 - 20230120 1137.xlsx,Vannmiljo_EUNOMO-00359293 - 2 av 2 - 20230120 1137.xlsx,.xlsx,33,SVV\E16 Bjørum Skaret\analyser\SVV prøver\Bukkesteinhøgdtunnel etter utlegging Skaret\15 des
05_Bjørum-Skaret,SVV\E16 Bjørum Skaret\analyser\SVV prøver\Bukkesteinhøgdtunnel etter utlegging Skaret\knust prøve nov 22\EUNOMO-00355858_10625-18501844 - 1 av 1 - 20221123 1758 (002).pdf,EUNOMO-00355858_10625-18501844 - 1 av 1 - 20221123 1758 (002).pdf,.pdf,75,SVV\E16 Bjørum Skaret\analyser\SVV prøver\Bukkesteinhøgdtunnel etter utlegging Skaret\knust prøve nov 22
05_Bjørum-Skaret,SVV\E16 Bjørum Skaret\analyser\SVV prøver\Bukkesteinhøgdtunnel etter utlegging Skaret\knust prøve nov 22\EUNOMO-00356367 - 1 av 1 - 20221129 md merking.xlsx,EUNOMO-00356367 - 1 av 1 - 20221129 md merking.xlsx,.xlsx,25,SVV\E16 Bjørum Skaret\analyser\SVV prøver\Bukkesteinhøgdtunnel etter utlegging Skaret\knust prøve nov 22
05_Bjørum-Skaret,SVV\E16 Bjørum Skaret\analyser\SVV prøver\Bukkesteinhøgdtunnel etter utlegging Skaret\knust prøve nov 22\EUNOMO-00356367_10625-18501844 - 1 av 1 - 20221129 1446.pdf,EUNOMO-00356367_10625-18501844 - 1 av 1 - 20221129 1446.pdf,.pdf,93,SVV\E16 Bjørum Skaret\analyser\SVV prøver\Bukkesteinhøgdtunnel etter utlegging Skaret\knust prøve nov 22
05_Bjørum-Skaret,SVV\E16 Bjørum Skaret\analyser\SVV prøver\Bukkesteinhøgdtunnel etter utlegging Skaret\knust prøve nov 22\EUNOMO-00356388_10625-18501844 - 1 av 1 - 20221209 1133.pdf,EUNOMO-00356388_10625-18501844 - 1 av 1 - 20221209 1133.pdf,.pdf,75,SVV\E16 Bjørum Skaret\analyser\SVV prøver\Bukkesteinhøgdtunnel etter utlegging Skaret\knust prøve nov 22
05_Bjørum-Skaret,SVV\E16 Bjørum Skaret\analyser\SVV prøver\Bukkesteinhøgdtunnel etter utlegging Skaret\knust prøve nov 22\ExcelReport_EUNOMO-00356367 - 1 av 1 - 20221129 1445.xlsx,ExcelReport_EUNOMO-00356367 - 1 av 1 - 20221129 1445.xlsx,.xlsx,28,SVV\E16 Bjørum Skaret\analyser\SVV prøver\Bukkesteinhøgdtunnel etter utlegging Skaret\knust prøve nov 22
05_Bjørum-Skaret,SVV\E16 Bjørum Skaret\analyser\SVV prøver\Bukkesteinhøgdtunnel etter utlegging Skaret\knust prøve nov 22\ExcelReport_EUNOMO-00356388 - 1 av 1 - 20221209 1133.xlsx,ExcelReport_EUNOMO-00356388 - 1 av 1 - 20221209 1133.xlsx,.xlsx,23,SVV\E16 Bjørum Skaret\analyser\SVV prøver\Bukkesteinhøgdtunnel etter utlegging Skaret\knust prøve nov 22
05_Bjørum-Skaret,SVV\E16 Bjørum Skaret\analyser\SVV prøver\Bukkesteinhøgdtunnel etter utlegging Skaret\knust prøve nov 22\Vannmiljo_EUNOMO-00356367 - 1 av 1 - 20221129 1445.xlsx,Vannmiljo_EUNOMO-00356367 - 1 av 1 - 20221129 1445.xlsx,.xlsx,29,SVV\E16 Bjørum Skaret\analyser\SVV prøver\Bukkesteinhøgdtunnel etter utlegging Skaret\knust prøve nov 22
05_Bjørum-Skaret,SVV\E16 Bjørum Skaret\analyser\SVV prøver\Bukkesteinhøgdtunnel etter utlegging Skaret\knust prøve nov 22\Vannmiljo_EUNOMO-00356388 - 1 av 1 - 20221209 1133.xlsx,Vannmiljo_EUNOMO-00356388 - 1 av 1 - 20221209 1133.xlsx,.xlsx,23,SVV\E16 Bjørum Skaret\analyser\SVV prøver\Bukkesteinhøgdtunnel etter utlegging Skaret\knust prøve nov 22
05_Bjørum-Skaret,SVV\E16 Bjørum Skaret\analyser\SVV prøver\Bukkesteinhøgdtunnel etter utlegging Skaret\sikta prøve 2022_nov 24 tatt 17 nov\EUNOMO-00356531 - 1 av 1 - 20221209 1133_merking.xlsx,EUNOMO-00356531 - 1 av 1 - 20221209 1133_merking.xlsx,.xlsx,28,SVV\E16 Bjørum Skaret\analyser\SVV prøver\Bukkesteinhøgdtunnel etter utlegging Skaret\sikta prøve 2022_nov 24 tatt 17 nov
05_Bjørum-Skaret,SVV\E16 Bjørum Skaret\analyser\SVV prøver\Bukkesteinhøgdtunnel etter utlegging Skaret\sikta prøve 2022_nov 24 tatt 17 nov\EUNOMO-00356531_10625-18  501844 - 1 av 1 - 20221209 1133.pdf,EUNOMO-00356531_10625-18  501844 - 1 av 1 - 20221209 1133.pdf,.pdf,97,SVV\E16 Bjørum Skaret\analyser\SVV prøver\Bukkesteinhøgdtunnel etter utlegging Skaret\sikta prøve 2022_nov 24 tatt 17 nov
05_Bjørum-Skaret,SVV\E16 Bjørum Skaret\analyser\SVV prøver\Bukkesteinhøgdtunnel etter utlegging Skaret\sikta prøve 2022_nov 24 tatt 17 nov\ExcelReport_EUNOMO-00356531 - 1 av 1 - 20221209 1133.xlsx,ExcelReport_EUNOMO-00356531 - 1 av 1 - 20221209 1133.xlsx,.xlsx,29,SVV\E16 Bjørum Skaret\analyser\SVV prøver\Bukkesteinhøgdtunnel etter utlegging Skaret\sikta prøve 2022_nov 24 tatt 17 nov
05_Bjørum-Skaret,SVV\E16 Bjørum Skaret\analyser\SVV prøver\Bukkesteinhøgdtunnel etter utlegging Skaret\sikta prøve 2022_nov 24 tatt 17 nov\Vannmiljo_EUNOMO-00356531 - 1 av 1 - 20221209 1133.xlsx,Vannmiljo_EUNOMO-00356531 - 1 av 1 - 20221209 1133.xlsx,.xlsx,30,SVV\E16 Bjørum Skaret\analyser\SVV prøver\Bukkesteinhøgdtunnel etter utlegging Skaret\sikta prøve 2022_nov 24 tatt 17 nov
05_Bjørum-Skaret,SVV\E16 Bjørum Skaret\analyser\SVV prøver\Sollihøgdtunnel\EUNOMO-00392110 - 6 av 6 - 20231016 1314.xlsx,EUNOMO-00392110 - 6 av 6 - 20231016 1314.xlsx,.xlsx,61,SVV\E16 Bjørum Skaret\analyser\SVV prøver\Sollihøgdtunnel
05_Bjørum-Skaret,SVV\E16 Bjørum Skaret\analyser\SVV prøver\Sollihøgdtunnel\EUNOMO-00392110_10625-18  501844 (steinmasser fra tunnel) - 6 av 6 - 20231016 1314.pdf,EUNOMO-00392110_10625-18  501844 (steinmasser fra tunnel) - 6 av 6 - 20231016 1314.pdf,.pdf,302,SVV\E16 Bjørum Skaret\analyser\SVV prøver\Sollihøgdtunnel
05_Bjørum-Skaret,SVV\E16 Bjørum Skaret\analyser\SVV prøver\Sollihøgdtunnel\EUNOMO-00407650_10625-18  501844 - 2 av 2 - 20240311 1611.pdf,EUNOMO-00407650_10625-18  501844 - 2 av 2 - 20240311 1611.pdf,.pdf,141,SVV\E16 Bjørum Skaret\analyser\SVV prøver\Sollihøgdtunnel
05_Bjørum-Skaret,SVV\E16 Bjørum Skaret\analyser\SVV prøver\Sollihøgdtunnel\ExcelReport_EUNOMO-00407650 - 2 av 2 - 20240311 1610.xlsx,ExcelReport_EUNOMO-00407650 - 2 av 2 - 20240311 1610.xlsx,.xlsx,33,SVV\E16 Bjørum Skaret\analyser\SVV prøver\Sollihøgdtunnel
05_Bjørum-Skaret,SVV\E16 Bjørum Skaret\analyser\SVV prøver\Sollihøgdtunnel\ExcelReport_EUNOMO-00407650 - 2 av 2 - 20240311 1610_merking.xlsx,ExcelReport_EUNOMO-00407650 - 2 av 2 - 20240311 1610_merking.xlsx,.xlsx,35,SVV\E16 Bjørum Skaret\analyser\SVV prøver\Sollihøgdtunnel
05_Bjørum-Skaret,SVV\E16 Bjørum Skaret\analyser\Skanska prøver\Uke_10_2022 Sollihøgdatunnelen M5 Sørgående\EUNOMO-00326648_E16BS Bunnrenskmasser Avtjerna 245651 - 5 av 5 enkeltprøver .pdf,EUNOMO-00326648_E16BS Bunnrenskmasser Avtjerna 245651 - 5 av 5 enkeltprøver .pdf,.pdf,186,SVV\E16 Bjørum Skaret\analyser\Skanska prøver\Uke_10_2022 Sollihøgdatunnelen M5 Sørgående
05_Bjørum-Skaret,SVV\E16 Bjørum Skaret\analyser\Skanska prøver\Uke_10_2022 Sollihøgdatunnelen M5 Sørgående\ExcelReport_EUNOMO-00326648 - 5 av 5 - enkeltprøver.xlsx,ExcelReport_EUNOMO-00326648 - 5 av 5 - enkeltprøver.xlsx,.xlsx,45,SVV\E16 Bjørum Skaret\analyser\Skanska prøver\Uke_10_2022 Sollihøgdatunnelen M5 Sørgående
05_Bjørum-Skaret,SVV\E16 Bjørum Skaret\analyser\Skanska prøver\Uke_26_2022 Sollihøgdatunnelen M6 Nordgående\EUNOMO-00339019_E16 BS Bunnrensk Skaret Nord U26 prosjekt 245651.pdf,EUNOMO-00339019_E16 BS Bunnrensk Skaret Nord U26 prosjekt 245651.pdf,.pdf,412,SVV\E16 Bjørum Skaret\analyser\Skanska prøver\Uke_26_2022 Sollihøgdatunnelen M6 Nordgående
05_Bjørum-Skaret,SVV\E16 Bjørum Skaret\analyser\Skanska prøver\Uke_26_2022 Sollihøgdatunnelen M6 Nordgående\ExcelReport_EUNOMO-00339019 - 6 av 6 - 20220722 0923.xlsx,ExcelReport_EUNOMO-00339019 - 6 av 6 - 20220722 0923.xlsx,.xlsx,56,SVV\E16 Bjørum Skaret\analyser\Skanska prøver\Uke_26_2022 Sollihøgdatunnelen M6 Nordgående
05_Bjørum-Skaret,SVV\E16 Bjørum Skaret\analyser\Skanska prøver\Uke_50_2021 Sollihødatunnelen rein stein M6\EUNOMO-00318835_E16 BS Tunnelstein Skaret U50 prosjekt 245651 -.pdf,EUNOMO-00318835_E16 BS Tunnelstein Skaret U50 prosjekt 245651 -.pdf,.pdf,215,SVV\E16 Bjørum Skaret\analyser\Skanska prøver\Uke_50_2021 Sollihødatunnelen rein stein M6
05_Bjørum-Skaret,SVV\E16 Bjørum Skaret\analyser\Skanska prøver\Uke_50_2021 Sollihødatunnelen rein stein M6\ExcelReport_EUNOMO-00318835 - 3 av 3 - 20220117 1435.xlsx,ExcelReport_EUNOMO-00318835 - 3 av 3 - 20220117 1435.xlsx,.xlsx,39,SVV\E16 Bjørum Skaret\analyser\Skanska prøver\Uke_50_2021 Sollihødatunnelen rein stein M6
05_Bjørum-Skaret,SVV\E16 Bjørum Skaret\analyser\Skanska prøver\Uke_9_2022 Sollihøgdatunnelen M6 Nordgående\EUNOMO-00326313_Oppbevaring E16BS Bunnrenskmasser Skaret 245651 - 5 av 5 - 20220419 1453.pdf,EUNOMO-00326313_Oppbevaring E16BS Bunnrenskmasser Skaret 245651 - 5 av 5 - 20220419 1453.pdf,.pdf,164,SVV\E16 Bjørum Skaret\analyser\Skanska prøver\Uke_9_2022 Sollihøgdatunnelen M6 Nordgående
05_Bjørum-Skaret,SVV\E16 Bjørum Skaret\analyser\Skanska prøver\Uke_9_2022 Sollihøgdatunnelen M6 Nordgående\ExcelReport_EUNOMO-00326313 - 5 av 5 - 20220419 1453.xlsx,ExcelReport_EUNOMO-00326313 - 5 av 5 - 20220419 1453.xlsx,.xlsx,46,SVV\E16 Bjørum Skaret\analyser\Skanska prøver\Uke_9_2022 Sollihøgdatunnelen M6 Nordgående
05_Bjørum-Skaret,SVV\E16 Bjørum Skaret\analyser\rein stein referanse\EUNOMO-00343223_E16 BS Referanseprøver tunnel U33.pdf,EUNOMO-00343223_E16 BS Referanseprøver tunnel U33.pdf,.pdf,194,SVV\E16 Bjørum Skaret\analyser\rein stein referanse
05_Bjørum-Skaret,SVV\E16 Bjørum Skaret\analyser\rein stein referanse\ExcelReport_EUNOMO-00343223 - 5 av 5 - 20220822.xlsx,ExcelReport_EUNOMO-00343223 - 5 av 5 - 20220822.xlsx,.xlsx,40,SVV\E16 Bjørum Skaret\analyser\rein stein referanse
07_E16-Bjørnegårdtunnelen,SVV\E16 Bjørnegårdstunnelen\Bunnrensk fra Bjørnegårdtunnelen på mellomlager Franzefoss 11.10.2016.pdf,Bunnrensk fra Bjørnegårdtunnelen på mellomlager Franzefoss 11.10.2016.pdf,.pdf,114,SVV\E16 Bjørnegårdstunnelen
07_E16-Bjørnegårdtunnelen,SVV\E16 Bjørnegårdstunnelen\Samla prøvetaking bunnrensk status jan 2017.xls,Samla prøvetaking bunnrensk status jan 2017.xls,.xls,1104,SVV\E16 Bjørnegårdstunnelen
07_E16-Bjørnegårdtunnelen,SVV\E16 Bjørnegårdstunnelen\Y-02_Prøvetaking-bunnrenskmasser_tunnel.pdf,Y-02_Prøvetaking-bunnrenskmasser_tunnel.pdf,.pdf,1299,SVV\E16 Bjørnegårdstunnelen
08_Svegårdsjønn-Rådal,SVV\Svegårdsjønn-Rådal\Dag 1 - 05. Anne Kristine Sovik.pdf,Dag 1 - 05. Anne Kristine Sovik.pdf,.pdf,810,SVV\Svegårdsjønn-Rådal
08_Svegårdsjønn-Rådal,SVV\Svegårdsjønn-Rådal\Innsyn 25-339108-1Svar på innsyn - Innsynskrav i - 16126769-29 med vedlegg.pdf,Innsyn 25-339108-1Svar på innsyn - Innsynskrav i - 16126769-29 med vedlegg.pdf,.pdf,2770,SVV\Svegårdsjønn-Rådal
08_Svegårdsjønn-Rådal,SVV\Svegårdsjønn-Rådal\Innsyn 25-339110-1Svar på innsyn - Innsynskrav i - 16126769-60 med vedlegg.pdf,Innsyn 25-339110-1Svar på innsyn - Innsynskrav i - 16126769-60 med vedlegg.pdf,.pdf,299,SVV\Svegårdsjønn-Rådal
08_Svegårdsjønn-Rådal,SVV\Svegårdsjønn-Rådal\Innsyn 25-339111-1Svar på innsyn - Innsynskrav i - 16126769-66 med vedlegg.pdf,Innsyn 25-339111-1Svar på innsyn - Innsynskrav i - 16126769-66 med vedlegg.pdf,.pdf,184,SVV\Svegårdsjønn-Rådal
09_Moanetunnelen,SVV\Moanetunnelen\Innsyn 25-339107-1Svar på innsyn - Innsynskrav i - 16171864-58 med vedlegg (1).pdf,Innsyn 25-339107-1Svar på innsyn - Innsynskrav i - 16171864-58 med vedlegg (1).pdf,.pdf,450,SVV\Moanetunnelen
10_ROGFAST,SVV\ROGFAST\E39 Rogfast E03\2023\EUNOST-00079445_E39 Rogfast - 6 av 6 - 20230721 0916.pdf,EUNOST-00079445_E39 Rogfast - 6 av 6 - 20230721 0916.pdf,.pdf,229,SVV\ROGFAST\E39 Rogfast E03\2023
10_ROGFAST,SVV\ROGFAST\E39 Rogfast E03\2023\EUNOST-00080172_E39 Rogfast - 13 av 13 - 20230908 1327.pdf,EUNOST-00080172_E39 Rogfast - 13 av 13 - 20230908 1327.pdf,.pdf,325,SVV\ROGFAST\E39 Rogfast E03\2023
10_ROGFAST,SVV\ROGFAST\E39 Rogfast E03\2023\EUNOST-00080233_E39 Rogfast - 6 av 6 - 20230920 1548.pdf,EUNOST-00080233_E39 Rogfast - 6 av 6 - 20230920 1548.pdf,.pdf,172,SVV\ROGFAST\E39 Rogfast E03\2023
10_ROGFAST,SVV\ROGFAST\E39 Rogfast E03\2023\EUNOST-00081351_E39 Rogfast - 34 av 35 - 20231206 1549.pdf,EUNOST-00081351_E39 Rogfast - 34 av 35 - 20231206 1549.pdf,.pdf,946,SVV\ROGFAST\E39 Rogfast E03\2023
10_ROGFAST,SVV\ROGFAST\E39 Rogfast E03\2023\EUNOST-00081416_E39 Rogfast - 15 av 15 - 20231212 1458.pdf,EUNOST-00081416_E39 Rogfast - 15 av 15 - 20231212 1458.pdf,.pdf,694,SVV\ROGFAST\E39 Rogfast E03\2023
10_ROGFAST,SVV\ROGFAST\E39 Rogfast E03\2024\EDD_XLS_STD_NO2402577_0_nb-NO 08.02.24.xlsx,EDD_XLS_STD_NO2402577_0_nb-NO 08.02.24.xlsx,.xlsx,26,SVV\ROGFAST\E39 Rogfast E03\2024
10_ROGFAST,SVV\ROGFAST\E39 Rogfast E03\2024\EDD_XLS_STD_NO2405479_0_nb-NO 14.03.24.xlsx,EDD_XLS_STD_NO2405479_0_nb-NO 14.03.24.xlsx,.xlsx,26,SVV\ROGFAST\E39 Rogfast E03\2024
10_ROGFAST,SVV\ROGFAST\E39 Rogfast E03\2024\EDD_XLS_STD_NO2407764_0_nb-NO 12.04.24.xlsx,EDD_XLS_STD_NO2407764_0_nb-NO 12.04.24.xlsx,.xlsx,26,SVV\ROGFAST\E39 Rogfast E03\2024
10_ROGFAST,SVV\ROGFAST\E39 Rogfast E03\2024\EDD_XLS_STD_NO2414940_0_nb-NO 27.06.24.xlsx,EDD_XLS_STD_NO2414940_0_nb-NO 27.06.24.xlsx,.xlsx,27,SVV\ROGFAST\E39 Rogfast E03\2024
10_ROGFAST,SVV\ROGFAST\E39 Rogfast E03\2024\EDD_XLS_STD_NO2421092_0_nb-NO - 12.09.24.xlsx,EDD_XLS_STD_NO2421092_0_nb-NO - 12.09.24.xlsx,.xlsx,26,SVV\ROGFAST\E39 Rogfast E03\2024
10_ROGFAST,SVV\ROGFAST\E39 Rogfast E03\2024\EDD_XLS_STD_NO2424938_0_nb-NO.xlsx,EDD_XLS_STD_NO2424938_0_nb-NO.xlsx,.xlsx,25,SVV\ROGFAST\E39 Rogfast E03\2024
10_ROGFAST,SVV\ROGFAST\E39 Rogfast E03\2024\EUNOST-00081768_E39 Rogfast - 14 av 14 - 20240115 2047.pdf,EUNOST-00081768_E39 Rogfast - 14 av 14 - 20240115 2047.pdf,.pdf,740,SVV\ROGFAST\E39 Rogfast E03\2024
10_ROGFAST,SVV\ROGFAST\E39 Rogfast E03\2024\ExcelReport_EUNOST-00081768_ E39 Rogfast - 14 av 14 - 15.01.24.xlsx,ExcelReport_EUNOST-00081768_ E39 Rogfast - 14 av 14 - 15.01.24.xlsx,.xlsx,65,SVV\ROGFAST\E39 Rogfast E03\2024
10_ROGFAST,SVV\ROGFAST\E39 Rogfast E03\2024\NO2402577_0_COA_Standard_nb-NO 08.02.24.pdf,NO2402577_0_COA_Standard_nb-NO 08.02.24.pdf,.pdf,406,SVV\ROGFAST\E39 Rogfast E03\2024
10_ROGFAST,SVV\ROGFAST\E39 Rogfast E03\2024\NO2405479_0_COA_Standard_nb-NO 14.03.24.pdf,NO2405479_0_COA_Standard_nb-NO 14.03.24.pdf,.pdf,415,SVV\ROGFAST\E39 Rogfast E03\2024
10_ROGFAST,SVV\ROGFAST\E39 Rogfast E03\2024\NO2407764_0_COA_Standard_nb-NO 12.04.24.pdf,NO2407764_0_COA_Standard_nb-NO 12.04.24.pdf,.pdf,416,SVV\ROGFAST\E39 Rogfast E03\2024
10_ROGFAST,SVV\ROGFAST\E39 Rogfast E03\2024\NO2414940_0_COA_Standard_nb-NO 27.06.24.pdf,NO2414940_0_COA_Standard_nb-NO 27.06.24.pdf,.pdf,416,SVV\ROGFAST\E39 Rogfast E03\2024
10_ROGFAST,SVV\ROGFAST\E39 Rogfast E03\2024\NO2421092_0_COA_Standard_nb-NO 12.09.24.pdf,NO2421092_0_COA_Standard_nb-NO 12.09.24.pdf,.pdf,456,SVV\ROGFAST\E39 Rogfast E03\2024
10_ROGFAST,SVV\ROGFAST\E39 Rogfast E03\2024\NO2421537_0_COA_Standard_nb-NO - avgrensning THC.pdf,NO2421537_0_COA_Standard_nb-NO - avgrensning THC.pdf,.pdf,361,SVV\ROGFAST\E39 Rogfast E03\2024
10_ROGFAST,SVV\ROGFAST\E39 Rogfast E03\2024\NO2424938_0_COA_Standard_nb-NO (002).pdf,NO2424938_0_COA_Standard_nb-NO (002).pdf,.pdf,365,SVV\ROGFAST\E39 Rogfast E03\2024
10_ROGFAST,SVV\ROGFAST\E39 Rogfast E03\2025\EDD_XLS_STD_NO2511844_0_nb-NO (1).xlsx,EDD_XLS_STD_NO2511844_0_nb-NO (1).xlsx,.xlsx,26,SVV\ROGFAST\E39 Rogfast E03\2025
10_ROGFAST,SVV\ROGFAST\E39 Rogfast E03\2025\NO2511844_0_COA_Standard_nb-NO (1).pdf,NO2511844_0_COA_Standard_nb-NO (1).pdf,.pdf,432,SVV\ROGFAST\E39 Rogfast E03\2025
10_ROGFAST,SVV\ROGFAST\E39 Rogfast E03\Bunnrensk samletabell E03 Utarbeidet av ENT.xlsx,Bunnrensk samletabell E03 Utarbeidet av ENT.xlsx,.xlsx,449,SVV\ROGFAST\E39 Rogfast E03
10_ROGFAST,SVV\ROGFAST\E39 Rogfast E03\Ekstra THC analyser\EDD_XLS_STD_NO2415413_0_nb-NO-THC-03.07.24.xlsx,EDD_XLS_STD_NO2415413_0_nb-NO-THC-03.07.24.xlsx,.xlsx,24,SVV\ROGFAST\E39 Rogfast E03\Ekstra THC analyser
10_ROGFAST,SVV\ROGFAST\E39 Rogfast E03\Ekstra THC analyser\EDD_XLS_STD_NO2424495_0_nb-NO.xlsx,EDD_XLS_STD_NO2424495_0_nb-NO.xlsx,.xlsx,23,SVV\ROGFAST\E39 Rogfast E03\Ekstra THC analyser
10_ROGFAST,SVV\ROGFAST\E39 Rogfast E03\Ekstra THC analyser\NO2415413_0_COA_Standard_nb-NO_THC-03.07.24.pdf,NO2415413_0_COA_Standard_nb-NO_THC-03.07.24.pdf,.pdf,332,SVV\ROGFAST\E39 Rogfast E03\Ekstra THC analyser
10_ROGFAST,SVV\ROGFAST\E39 Rogfast E03\Ekstra THC analyser\NO2424495_0_COA_Standard_nb-NO.pdf,NO2424495_0_COA_Standard_nb-NO.pdf,.pdf,327,SVV\ROGFAST\E39 Rogfast E03\Ekstra THC analyser
10_ROGFAST,SVV\ROGFAST\E39 Rogfast E03\Ekstra THC analyser\THC før sikting 08.11.24.pdf,THC før sikting 08.11.24.pdf,.pdf,94,SVV\ROGFAST\E39 Rogfast E03\Ekstra THC analyser
12_OsloVAV-e6,Oslo VAV\E6 Rentvannstunnel\17.03.25 Bunnrensk T430 - EUNOMO-00456034.xlsx,17.03.25 Bunnrensk T430 - EUNOMO-00456034.xlsx,.xlsx,62,Oslo VAV\E6 Rentvannstunnel
12_OsloVAV-e6,Oslo VAV\E6 Rentvannstunnel\20-01787_lamoen_grusuttak_i_ringerike_kommune.pdf,20-01787_lamoen_grusuttak_i_ringerike_kommune.pdf,.pdf,853,Oslo VAV\E6 Rentvannstunnel
12_OsloVAV-e6,Oslo VAV\E6 Rentvannstunnel\2978-YM-E6 - Prosedyre for prøvetaking av bunnrenskmasser tunnel rev. 2.docx,2978-YM-E6 - Prosedyre for prøvetaking av bunnrenskmasser tunnel rev. 2.docx,.docx,71,Oslo VAV\E6 Rentvannstunnel
12_OsloVAV-e6,Oslo VAV\E6 Rentvannstunnel\Copy of ExcelReport_EUNOMO-00444393 - 4 av 5 - 20241205 1213.xlsx,Copy of ExcelReport_EUNOMO-00444393 - 4 av 5 - 20241205 1213.xlsx,.xlsx,31,Oslo VAV\E6 Rentvannstunnel
12_OsloVAV-e6,Oslo VAV\E6 Rentvannstunnel\EDD_XLS_STD_NO2217528_0_nb-NO.xlsx,EDD_XLS_STD_NO2217528_0_nb-NO.xlsx,.xlsx,23,Oslo VAV\E6 Rentvannstunnel
12_OsloVAV-e6,Oslo VAV\E6 Rentvannstunnel\EDD_XLS_STD_NO2226157_0_nb-NO 05.12.xlsx,EDD_XLS_STD_NO2226157_0_nb-NO 05.12.xlsx,.xlsx,27,Oslo VAV\E6 Rentvannstunnel
12_OsloVAV-e6,Oslo VAV\E6 Rentvannstunnel\EXCELR~1 (2).XLS,EXCELR~1 (2).XLS,.xls,31,Oslo VAV\E6 Rentvannstunnel
12_OsloVAV-e6,Oslo VAV\E6 Rentvannstunnel\EXCELR~1(1).XLS,EXCELR~1(1).XLS,.xls,29,Oslo VAV\E6 Rentvannstunnel
12_OsloVAV-e6,Oslo VAV\E6 Rentvannstunnel\ExcelReport_EUNOMO-00429765 - 2 av 2 - 20240903 1328.xlsx,ExcelReport_EUNOMO-00429765 - 2 av 2 - 20240903 1328.xlsx,.xlsx,24,Oslo VAV\E6 Rentvannstunnel
12_OsloVAV-e6,Oslo VAV\E6 Rentvannstunnel\ExcelReport_EUNOMO-00433699 - 2 av 2 - 20240919 1230.xlsx,ExcelReport_EUNOMO-00433699 - 2 av 2 - 20240919 1230.xlsx,.xlsx,25,Oslo VAV\E6 Rentvannstunnel
12_OsloVAV-e6,Oslo VAV\E6 Rentvannstunnel\ExcelReport_EUNOMO-00449616 - 2 av 2 - 20250129 1229.xlsx,ExcelReport_EUNOMO-00449616 - 2 av 2 - 20250129 1229.xlsx,.xlsx,30,Oslo VAV\E6 Rentvannstunnel
12_OsloVAV-e6,Oslo VAV\E6 Rentvannstunnel\ExcelReport_EUNOMO-00485194 - 7 av 7 - kolonne- og ristetest.xlsx,ExcelReport_EUNOMO-00485194 - 7 av 7 - kolonne- og ristetest.xlsx,.xlsx,44,Oslo VAV\E6 Rentvannstunnel
12_OsloVAV-e6,Oslo VAV\E6 Rentvannstunnel\ExcelReport_EUNOMO-00486862 - 39 av 39 Riste- og kolonnetest.xlsx,ExcelReport_EUNOMO-00486862 - 39 av 39 Riste- og kolonnetest.xlsx,.xlsx,119,Oslo VAV\E6 Rentvannstunnel
12_OsloVAV-e6,Oslo VAV\E6 Rentvannstunnel\ExcelReport_EUNOMO-00487496 - 50 av 50 -Tilstandsklasser pr 50. m.xlsx,ExcelReport_EUNOMO-00487496 - 50 av 50 -Tilstandsklasser pr 50. m.xlsx,.xlsx,229,Oslo VAV\E6 Rentvannstunnel
12_OsloVAV-e6,Oslo VAV\E6 Rentvannstunnel\ExcelReport_EUNOMO-00487497 - 21 av 21 -Tilstandsklasser pr 50. m.xlsx,ExcelReport_EUNOMO-00487497 - 21 av 21 -Tilstandsklasser pr 50. m.xlsx,.xlsx,107,Oslo VAV\E6 Rentvannstunnel
12_OsloVAV-e6,Oslo VAV\E6 Rentvannstunnel\ExcelReport_EUNOMO-00487879 - 1 av 1 -T434 Etterbestilling THC Cr6+.xlsx,ExcelReport_EUNOMO-00487879 - 1 av 1 -T434 Etterbestilling THC Cr6+.xlsx,.xlsx,23,Oslo VAV\E6 Rentvannstunnel
12_OsloVAV-e6,Oslo VAV\E6 Rentvannstunnel\ExcelReport_EUNOMO-00490875 - 22 tilstandsklasser T462.xlsx,ExcelReport_EUNOMO-00490875 - 22 tilstandsklasser T462.xlsx,.xlsx,94,Oslo VAV\E6 Rentvannstunnel
12_OsloVAV-e6,Oslo VAV\E6 Rentvannstunnel\Gmail - [eQ-bunnrensk-OsloVAV-AFGhella] Innsynsbegjæring – miljøinformasjon om håndtering av bunnrensk fra tunneldriving.pdf,Gmail - [eQ-bunnrensk-OsloVAV-AFGhella] Innsynsbegjæring – miljøinformasjon om håndtering av bunnrensk fra tunneldriving.pdf,.pdf,424,Oslo VAV\E6 Rentvannstunnel
12_OsloVAV-e6,Oslo VAV\E6 Rentvannstunnel\Nes Miljøpark.PDF,Nes Miljøpark.PDF,.pdf,1456,Oslo VAV\E6 Rentvannstunnel
12_OsloVAV-e6,Oslo VAV\E6 Rentvannstunnel\Noah Engadalen106243_Tillatelse (8).pdf,Noah Engadalen106243_Tillatelse (8).pdf,.pdf,918,Oslo VAV\E6 Rentvannstunnel
12_OsloVAV-e6,Oslo VAV\E6 Rentvannstunnel\Prøvetakingsplan T430.pdf,Prøvetakingsplan T430.pdf,.pdf,638,Oslo VAV\E6 Rentvannstunnel
12_OsloVAV-e6,Oslo VAV\E6 Rentvannstunnel\Prøvetakingsplan T434.pdf,Prøvetakingsplan T434.pdf,.pdf,398,Oslo VAV\E6 Rentvannstunnel
12_OsloVAV-e6,Oslo VAV\E6 Rentvannstunnel\Prøvetakingsplan T462.pdf,Prøvetakingsplan T462.pdf,.pdf,567,Oslo VAV\E6 Rentvannstunnel
12_OsloVAV-e6,Oslo VAV\E6 Rentvannstunnel\T451 - ExcelReport_EUNOMO-00433699 - 2 av 2 - 20240919 1230.xlsx,T451 - ExcelReport_EUNOMO-00433699 - 2 av 2 - 20240919 1230.xlsx,.xlsx,25,Oslo VAV\E6 Rentvannstunnel
12_OsloVAV-e6,Oslo VAV\E6 Rentvannstunnel\T454 ExcelReport_EUNOMO-00453640 - 2 av 2.xlsx,T454 ExcelReport_EUNOMO-00453640 - 2 av 2.xlsx,.xlsx,26,Oslo VAV\E6 Rentvannstunnel
12_OsloVAV-e6,Oslo VAV\E6 Rentvannstunnel\T454-1 P40-90 - EUNOMO-00429765.xlsx,T454-1 P40-90 - EUNOMO-00429765.xlsx,.xlsx,33,Oslo VAV\E6 Rentvannstunnel
12_OsloVAV-e6,Oslo VAV\E6 Rentvannstunnel\T461 ExcelReport_EUNOMO-00453638 - 1 av 1.xlsx,T461 ExcelReport_EUNOMO-00453638 - 1 av 1.xlsx,.xlsx,23,Oslo VAV\E6 Rentvannstunnel
12_OsloVAV-e6,Oslo VAV\E6 Rentvannstunnel\T462 ExcelReport_EUNOMO-00453641 - 3 av 3.xlsx,T462 ExcelReport_EUNOMO-00453641 - 3 av 3.xlsx,.xlsx,32,Oslo VAV\E6 Rentvannstunnel
12_OsloVAV-e6,Oslo VAV\E6 Rentvannstunnel\Øynebråten.pdf,Øynebråten.pdf,.pdf,138,Oslo VAV\E6 Rentvannstunnel
14_sms-moss,BaneNOR\Bane NOR Moss\Endret tillatelse med vilkår Bane NOR Moss 12.12.2025.pdf,Endret tillatelse med vilkår Bane NOR Moss 12.12.2025.pdf,.pdf,1235,BaneNOR\Bane NOR Moss
14_sms-moss,BaneNOR\Bane NOR Moss\Gmail - [eQ-bunnrensk-sms-moss] Innsynsbegjæring – miljøinformasjon om håndtering av bunnrensk fra tunneldriving.pdf,Gmail - [eQ-bunnrensk-sms-moss] Innsynsbegjæring – miljøinformasjon om håndtering av bunnrensk fra tunneldriving.pdf,.pdf,357,BaneNOR\Bane NOR Moss
14_sms-moss,BaneNOR\Bane NOR Moss\SMS-10-A-50166_09E_FinalizedReview (2).pdf,SMS-10-A-50166_09E_FinalizedReview (2).pdf,.pdf,8167,BaneNOR\Bane NOR Moss
14_sms-moss,BaneNOR\Bane NOR Moss\SMS-30-A-50303_08E_FinalizedReview (2).pdf,SMS-30-A-50303_08E_FinalizedReview (2).pdf,.pdf,10342,BaneNOR\Bane NOR Moss
14_sms-moss,BaneNOR\Bane NOR Moss\Tillatelse_med_vilk_r_-_permanent_disponering_av_bunnrenskmasser__overskuddsbetong_og_ballastmasser 16.06.2025.pdf,Tillatelse_med_vilk_r_-_permanent_disponering_av_bunnrenskmasser__overskuddsbetong_og_ballastmasser 16.06.2025.pdf,.pdf,220,BaneNOR\Bane NOR Moss
16_Drammenstunnelen,BaneNOR\Drammenstunnelen\Gmail - [eQ-bunnrensk-Drammenstunnelen] Innsynsbegjæring – miljøinformasjon om håndtering av bunnrensk fra tunneldriving.pdf,Gmail - [eQ-bunnrensk-Drammenstunnelen] Innsynsbegjæring – miljøinformasjon om håndtering av bunnrensk fra tunneldriving.pdf,.pdf,1674,BaneNOR\Drammenstunnelen
16_Drammenstunnelen,BaneNOR\Drammenstunnelen\Miljørisikovurdering av gjenbruk av bunnrenskmasser på Gunnerud.pdf,Miljørisikovurdering av gjenbruk av bunnrenskmasser på Gunnerud.pdf,.pdf,1137,BaneNOR\Drammenstunnelen
16_Drammenstunnelen,BaneNOR\Drammenstunnelen\Prøvetaking traumasser a.pdf,Prøvetaking traumasser a.pdf,.pdf,785,BaneNOR\Drammenstunnelen
16_Drammenstunnelen,BaneNOR\Drammenstunnelen\Prøvetaking traumasser b.pdf,Prøvetaking traumasser b.pdf,.pdf,9334,BaneNOR\Drammenstunnelen
16_Drammenstunnelen,BaneNOR\Drammenstunnelen\Prøvetaking traumasser c.pdf,Prøvetaking traumasser c.pdf,.pdf,4268,BaneNOR\Drammenstunnelen
16_Drammenstunnelen,BaneNOR\Drammenstunnelen\Risikovurdering_traumasser_omlastestasjon endelig (1).pdf,Risikovurdering_traumasser_omlastestasjon endelig (1).pdf,.pdf,1104,BaneNOR\Drammenstunnelen
16_Drammenstunnelen,BaneNOR\Drammenstunnelen\UDK01-MIL-NOT003 Kartlegging av traumasser (rev. 01).pdf,UDK01-MIL-NOT003 Kartlegging av traumasser (rev. 01).pdf,.pdf,109,BaneNOR\Drammenstunnelen
18_Hestnestunnelen,BaneNOR\Hestnestunnelen\Gmail - [eQ-bunnrensk-Hestnestunnelen] Innsynsbegjæring – miljøinformasjon om håndtering av bunnrensk fra tunneldriving.pdf,Gmail - [eQ-bunnrensk-Hestnestunnelen] Innsynsbegjæring – miljøinformasjon om håndtering av bunnrensk fra tunneldriving.pdf,.pdf,466,BaneNOR\Hestnestunnelen
18_Hestnestunnelen,BaneNOR\Hestnestunnelen\Hestnestunnelen - Analyseresultater bunnrenskprøver.xlsx,Hestnestunnelen - Analyseresultater bunnrenskprøver.xlsx,.xlsx,99,BaneNOR\Hestnestunnelen
18_Hestnestunnelen,BaneNOR\Hestnestunnelen\KS-1 Hestnestunnelen_ Avklaring kjøremasser i rømningstunneler.eml,KS-1 Hestnestunnelen_ Avklaring kjøremasser i rømningstunneler.eml,.eml,154,BaneNOR\Hestnestunnelen
18_Hestnestunnelen,BaneNOR\Hestnestunnelen\KS-1 Hestnestunnelen_ Gjenbruk av kjemisk ren bunnrenskmasser fra Hestnestunnelen innenfor tiltaksområde.eml,KS-1 Hestnestunnelen_ Gjenbruk av kjemisk ren bunnrenskmasser fra Hestnestunnelen innenfor tiltaksområde.eml,.eml,10480,BaneNOR\Hestnestunnelen
18_Hestnestunnelen,BaneNOR\Hestnestunnelen\SV_ KS-1 Hestnestunnelen_ Gjenbruk av kjemisk ren bunnrenskmasser fra Hestnestunnelen innenfor tiltaksområde.eml,SV_ KS-1 Hestnestunnelen_ Gjenbruk av kjemisk ren bunnrenskmasser fra Hestnestunnelen innenfor tiltaksområde.eml,.eml,10476,BaneNOR\Hestnestunnelen
18_Hestnestunnelen,"BaneNOR\Hestnestunnelen\Utslippstillatelse K-S. rev. 04.09.2024, inkl vedtaksbrev (1).pdf","Utslippstillatelse K-S. rev. 04.09.2024, inkl vedtaksbrev (1).pdf",.pdf,350,BaneNOR\Hestnestunnelen
18_Hestnestunnelen,BaneNOR\Hestnestunnelen\VD38199-VD-NO-0019-Gjenbruk av kjemisk rene bunnrenskmasser fra KS-1 Hestnestunnelen (1).pdf,VD38199-VD-NO-0019-Gjenbruk av kjemisk rene bunnrenskmasser fra KS-1 Hestnestunnelen (1).pdf,.pdf,7633,BaneNOR\Hestnestunnelen
18_Hestnestunnelen,BaneNOR\Hestnestunnelen\_ 202305647-24 Svar på henvendelse om gjenbruk av masser i rømningstunneler - Hestnestunnelen -  5964638_1_1.pdf,_ 202305647-24 Svar på henvendelse om gjenbruk av masser i rømningstunneler - Hestnestunnelen -  5964638_1_1.pdf,.pdf,54,BaneNOR\Hestnestunnelen
21_Lørenbanen,Sporveien\Lørenbanen\03.10.2014Prøver av toppdekke tunellmasser U1 (1).pdf,03.10.2014Prøver av toppdekke tunellmasser U1 (1).pdf,.pdf,284,Sporveien\Lørenbanen
21_Lørenbanen,Sporveien\Lørenbanen\13.10.2014 Blandeprøver  tunellmasser U1.pdf,13.10.2014 Blandeprøver  tunellmasser U1.pdf,.pdf,332,Sporveien\Lørenbanen
21_Lørenbanen,Sporveien\Lørenbanen\20110754-06-R_Rev_1_Kartlegging av anleggsvei i tunnel U1 og U2.pdf,20110754-06-R_Rev_1_Kartlegging av anleggsvei i tunnel U1 og U2.pdf,.pdf,7392,Sporveien\Lørenbanen
21_Lørenbanen,Sporveien\Lørenbanen\6 og 11 november 2014. Kartlegging tunnelmasser.pdf,6 og 11 november 2014. Kartlegging tunnelmasser.pdf,.pdf,4465,Sporveien\Lørenbanen
21_Lørenbanen,Sporveien\Lørenbanen\G27MM9LDXP.pdf,G27MM9LDXP.pdf,.pdf,120,Sporveien\Lørenbanen
21_Lørenbanen,Sporveien\Lørenbanen\G2ACQTIV1S.pdf,G2ACQTIV1S.pdf,.pdf,73,Sporveien\Lørenbanen
21_Lørenbanen,Sporveien\Lørenbanen\Gmail - [eQ-bunnrensk-sporveien-lørenbanen] Miljøinformasjon på bunnrensk.pdf,Gmail - [eQ-bunnrensk-sporveien-lørenbanen] Miljøinformasjon på bunnrensk.pdf,.pdf,698,Sporveien\Lørenbanen
21_Lørenbanen,Sporveien\Lørenbanen\Kopi av N1415584.xls,Kopi av N1415584.xls,.xls,64,Sporveien\Lørenbanen
21_Lørenbanen,Sporveien\Lørenbanen\N1413285.xls,N1413285.xls,.xls,64,Sporveien\Lørenbanen
21_Lørenbanen,Sporveien\Lørenbanen\N1415104.xls,N1415104.xls,.xls,64,Sporveien\Lørenbanen
21_Lørenbanen,Sporveien\Lørenbanen\VS_ Lørenbanen - Peter Møllers vei 1_ Resultater fra kjemisk analyse av bunnmasser.eml,VS_ Lørenbanen - Peter Møllers vei 1_ Resultater fra kjemisk analyse av bunnmasser.eml,.eml,240,Sporveien\Lørenbanen
22_E18 - Langangen - Rugtvedt,NyeVeier\E18 - Langangen - Rugtvedt\0210-801 D Måleprogram for bunnrenskemasser.pdf,0210-801 D Måleprogram for bunnrenskemasser.pdf,.pdf,1634,NyeVeier\E18 - Langangen - Rugtvedt
22_E18 - Langangen - Rugtvedt,NyeVeier\E18 - Langangen - Rugtvedt\Bunnrenskmasser\Bjønnas - Herregardbekken\15.08.24EDD_XLS_STD_NO2417664_0_nb-NO.xlsx,15.08.24EDD_XLS_STD_NO2417664_0_nb-NO.xlsx,.xlsx,20,NyeVeier\E18 - Langangen - Rugtvedt\Bunnrenskmasser\Bjønnas - Herregardbekken
22_E18 - Langangen - Rugtvedt,NyeVeier\E18 - Langangen - Rugtvedt\Bunnrenskmasser\Bjønnas - Herregardbekken\30.07.24EDD_XLS_STD_NO2418828_0_nb-NO.xlsx,30.07.24EDD_XLS_STD_NO2418828_0_nb-NO.xlsx,.xlsx,21,NyeVeier\E18 - Langangen - Rugtvedt\Bunnrenskmasser\Bjønnas - Herregardbekken
22_E18 - Langangen - Rugtvedt,NyeVeier\E18 - Langangen - Rugtvedt\Bunnrenskmasser\Bjønnas - Herregardbekken\B.xlsx,B.xlsx,.xlsx,19,NyeVeier\E18 - Langangen - Rugtvedt\Bunnrenskmasser\Bjønnas - Herregardbekken
22_E18 - Langangen - Rugtvedt,NyeVeier\E18 - Langangen - Rugtvedt\Bunnrenskmasser\Bjønnas - Herregardbekken\Bjønnås tunnel - NB6000 and NB6250.xlsx,Bjønnås tunnel - NB6000 and NB6250.xlsx,.xlsx,18,NyeVeier\E18 - Langangen - Rugtvedt\Bunnrenskmasser\Bjønnas - Herregardbekken
22_E18 - Langangen - Rugtvedt,NyeVeier\E18 - Langangen - Rugtvedt\Bunnrenskmasser\Bjønnas - Herregardbekken\Bunnrensk - Bjønnås 4450-4750- 07.10.24.xlsx,Bunnrensk - Bjønnås 4450-4750- 07.10.24.xlsx,.xlsx,23,NyeVeier\E18 - Langangen - Rugtvedt\Bunnrenskmasser\Bjønnas - Herregardbekken
22_E18 - Langangen - Rugtvedt,"NyeVeier\E18 - Langangen - Rugtvedt\Bunnrenskmasser\Bjønnas - Herregardbekken\Class 4 Herre, NBK11815-11315.xlsx","Class 4 Herre, NBK11815-11315.xlsx",.xlsx,732,NyeVeier\E18 - Langangen - Rugtvedt\Bunnrenskmasser\Bjønnas - Herregardbekken
22_E18 - Langangen - Rugtvedt,"NyeVeier\E18 - Langangen - Rugtvedt\Bunnrenskmasser\Bjønnas - Herregardbekken\H-NB6420-6520, K-NB11815-8180.xlsx","H-NB6420-6520, K-NB11815-8180.xlsx",.xlsx,19,NyeVeier\E18 - Langangen - Rugtvedt\Bunnrenskmasser\Bjønnas - Herregardbekken
22_E18 - Langangen - Rugtvedt,"NyeVeier\E18 - Langangen - Rugtvedt\Bunnrenskmasser\Bjønnas - Herregardbekken\NO2415668,167459-167461-24 16-07-2024 18.42.15-642 V 1 - Chromatogrammer.pdf","NO2415668,167459-167461-24 16-07-2024 18.42.15-642 V 1 - Chromatogrammer.pdf",.pdf,223,NyeVeier\E18 - Langangen - Rugtvedt\Bunnrenskmasser\Bjønnas - Herregardbekken
22_E18 - Langangen - Rugtvedt,NyeVeier\E18 - Langangen - Rugtvedt\Bunnrenskmasser\Bjønnas - Herregardbekken\NO2415668_0_COA_Standard_nb-NO.pdf,NO2415668_0_COA_Standard_nb-NO.pdf,.pdf,312,NyeVeier\E18 - Langangen - Rugtvedt\Bunnrenskmasser\Bjønnas - Herregardbekken
22_E18 - Langangen - Rugtvedt,"NyeVeier\E18 - Langangen - Rugtvedt\Bunnrenskmasser\Bjønnas - Herregardbekken\NO2416342,173168-173172-24 26-07-2024 09.51.10-634 V 1 - Chromatogrammer.pdf","NO2416342,173168-173172-24 26-07-2024 09.51.10-634 V 1 - Chromatogrammer.pdf",.pdf,393,NyeVeier\E18 - Langangen - Rugtvedt\Bunnrenskmasser\Bjønnas - Herregardbekken
22_E18 - Langangen - Rugtvedt,NyeVeier\E18 - Langangen - Rugtvedt\Bunnrenskmasser\Bjønnas - Herregardbekken\NO2416342_0_COA_Standard_nb-NO.pdf,NO2416342_0_COA_Standard_nb-NO.pdf,.pdf,327,NyeVeier\E18 - Langangen - Rugtvedt\Bunnrenskmasser\Bjønnas - Herregardbekken
22_E18 - Langangen - Rugtvedt,NyeVeier\E18 - Langangen - Rugtvedt\Bunnrenskmasser\Bjønnas - Herregardbekken\NO2417664_0_COA_Standard_nb-NO.pdf,NO2417664_0_COA_Standard_nb-NO.pdf,.pdf,320,NyeVeier\E18 - Langangen - Rugtvedt\Bunnrenskmasser\Bjønnas - Herregardbekken
22_E18 - Langangen - Rugtvedt,NyeVeier\E18 - Langangen - Rugtvedt\Bunnrenskmasser\Bjønnas - Herregardbekken\NO2418828_0_COA_Standard_nb-NO.pdf,NO2418828_0_COA_Standard_nb-NO.pdf,.pdf,324,NyeVeier\E18 - Langangen - Rugtvedt\Bunnrenskmasser\Bjønnas - Herregardbekken
22_E18 - Langangen - Rugtvedt,"NyeVeier\E18 - Langangen - Rugtvedt\Bunnrenskmasser\Bjønnas - Herregardbekken\Results Bjønnås SB (5250, 5750, 6250, 6750).xlsx","Results Bjønnås SB (5250, 5750, 6250, 6750).xlsx",.xlsx,20,NyeVeier\E18 - Langangen - Rugtvedt\Bunnrenskmasser\Bjønnas - Herregardbekken
22_E18 - Langangen - Rugtvedt,NyeVeier\E18 - Langangen - Rugtvedt\Bunnrenskmasser\Bjønnas - Herregardbekken\bunn.xlsx,bunn.xlsx,.xlsx,18,NyeVeier\E18 - Langangen - Rugtvedt\Bunnrenskmasser\Bjønnas - Herregardbekken
22_E18 - Langangen - Rugtvedt,NyeVeier\E18 - Langangen - Rugtvedt\Bunnrenskmasser\Bjønnas - Lanner\EDD_XLS_STD_NO2411430_0_nb-NO.xlsx,EDD_XLS_STD_NO2411430_0_nb-NO.xlsx,.xlsx,51,NyeVeier\E18 - Langangen - Rugtvedt\Bunnrenskmasser\Bjønnas - Lanner
22_E18 - Langangen - Rugtvedt,NyeVeier\E18 - Langangen - Rugtvedt\Bunnrenskmasser\Bjønnas - Lanner\EDD_XLS_STD_NO2412727_0_nb-NO.xlsx,EDD_XLS_STD_NO2412727_0_nb-NO.xlsx,.xlsx,21,NyeVeier\E18 - Langangen - Rugtvedt\Bunnrenskmasser\Bjønnas - Lanner
22_E18 - Langangen - Rugtvedt,NyeVeier\E18 - Langangen - Rugtvedt\Bunnrenskmasser\Bjønnas - Lanner\EDD_XLS_STD_NO2413077_0_nb-NO.xlsx,EDD_XLS_STD_NO2413077_0_nb-NO.xlsx,.xlsx,23,NyeVeier\E18 - Langangen - Rugtvedt\Bunnrenskmasser\Bjønnas - Lanner
22_E18 - Langangen - Rugtvedt,"NyeVeier\E18 - Langangen - Rugtvedt\Bunnrenskmasser\Bjønnas - Lanner\NO2411430,123859-123865-24 04-06-2024 14.29.21-304 V 1 - Chromatogrammer.pdf","NO2411430,123859-123865-24 04-06-2024 14.29.21-304 V 1 - Chromatogrammer.pdf",.pdf,545,NyeVeier\E18 - Langangen - Rugtvedt\Bunnrenskmasser\Bjønnas - Lanner
22_E18 - Langangen - Rugtvedt,NyeVeier\E18 - Langangen - Rugtvedt\Bunnrenskmasser\Bjønnas - Lanner\NO2411430_0_COA_Standard_nb-NO.pdf,NO2411430_0_COA_Standard_nb-NO.pdf,.pdf,340,NyeVeier\E18 - Langangen - Rugtvedt\Bunnrenskmasser\Bjønnas - Lanner
22_E18 - Langangen - Rugtvedt,"NyeVeier\E18 - Langangen - Rugtvedt\Bunnrenskmasser\Bjønnas - Lanner\NO2412727,134945-134946+134948-134950-24 11-06-2024 09.53.51-038 V 1 - Chromatogrammer.pdf","NO2412727,134945-134946+134948-134950-24 11-06-2024 09.53.51-038 V 1 - Chromatogrammer.pdf",.pdf,383,NyeVeier\E18 - Langangen - Rugtvedt\Bunnrenskmasser\Bjønnas - Lanner
22_E18 - Langangen - Rugtvedt,NyeVeier\E18 - Langangen - Rugtvedt\Bunnrenskmasser\Bjønnas - Lanner\NO2412727_0_COA_Standard_nb-NO.pdf,NO2412727_0_COA_Standard_nb-NO.pdf,.pdf,325,NyeVeier\E18 - Langangen - Rugtvedt\Bunnrenskmasser\Bjønnas - Lanner
22_E18 - Langangen - Rugtvedt,NyeVeier\E18 - Langangen - Rugtvedt\Bunnrenskmasser\Bjønnas - Lanner\NO2413077_0_COA_Standard_nb-NO.pdf,NO2413077_0_COA_Standard_nb-NO.pdf,.pdf,315,NyeVeier\E18 - Langangen - Rugtvedt\Bunnrenskmasser\Bjønnas - Lanner
22_E18 - Langangen - Rugtvedt,NyeVeier\E18 - Langangen - Rugtvedt\Bunnrenskmasser\Bjønnas - Lanner\Results Bunnrensk - Lanner SB - to 4900.xlsx,Results Bunnrensk - Lanner SB - to 4900.xlsx,.xlsx,21,NyeVeier\E18 - Langangen - Rugtvedt\Bunnrenskmasser\Bjønnas - Lanner
22_E18 - Langangen - Rugtvedt,NyeVeier\E18 - Langangen - Rugtvedt\Bunnrenskmasser\Grenland B&G\Bunnrensk - Skjelsvik (8800 - 9750).xlsx,Bunnrensk - Skjelsvik (8800 - 9750).xlsx,.xlsx,20,NyeVeier\E18 - Langangen - Rugtvedt\Bunnrenskmasser\Grenland B&G
22_E18 - Langangen - Rugtvedt,NyeVeier\E18 - Langangen - Rugtvedt\Bunnrenskmasser\Grenland B&G\Bunnrensk - Skjelsvik (Pel 300 - 550).xlsx,Bunnrensk - Skjelsvik (Pel 300 - 550).xlsx,.xlsx,19,NyeVeier\E18 - Langangen - Rugtvedt\Bunnrenskmasser\Grenland B&G
22_E18 - Langangen - Rugtvedt,NyeVeier\E18 - Langangen - Rugtvedt\Bunnrenskmasser\Grenland B&G\Bunnrensk - Skjelsvik off ramp.xlsx,Bunnrensk - Skjelsvik off ramp.xlsx,.xlsx,24,NyeVeier\E18 - Langangen - Rugtvedt\Bunnrenskmasser\Grenland B&G
22_E18 - Langangen - Rugtvedt,"NyeVeier\E18 - Langangen - Rugtvedt\Bunnrenskmasser\Grenland B&G\Results - Grenland tunnel (SB8600,NB10 300).xlsx","Results - Grenland tunnel (SB8600,NB10 300).xlsx",.xlsx,23,NyeVeier\E18 - Langangen - Rugtvedt\Bunnrenskmasser\Grenland B&G
22_E18 - Langangen - Rugtvedt,NyeVeier\E18 - Langangen - Rugtvedt\Bunnrenskmasser\Grenland B&G\Results - Skjelsvik (Pel 9300 - 9800).xlsx,Results - Skjelsvik (Pel 9300 - 9800).xlsx,.xlsx,21,NyeVeier\E18 - Langangen - Rugtvedt\Bunnrenskmasser\Grenland B&G
22_E18 - Langangen - Rugtvedt,NyeVeier\E18 - Langangen - Rugtvedt\Bunnrenskmasser\Grenland B&G\Results - Skjelsvik (Pel 9300-9825) NYE PRØVER.xlsx,Results - Skjelsvik (Pel 9300-9825) NYE PRØVER.xlsx,.xlsx,22,NyeVeier\E18 - Langangen - Rugtvedt\Bunnrenskmasser\Grenland B&G
22_E18 - Langangen - Rugtvedt,NyeVeier\E18 - Langangen - Rugtvedt\Bunnrenskmasser\Grenland MTS\EDD_XLS_STD_NO2415073_0_nb-NO.xlsx,EDD_XLS_STD_NO2415073_0_nb-NO.xlsx,.xlsx,24,NyeVeier\E18 - Langangen - Rugtvedt\Bunnrenskmasser\Grenland MTS
22_E18 - Langangen - Rugtvedt,NyeVeier\E18 - Langangen - Rugtvedt\Bunnrenskmasser\Grenland MTS\EDD_XLS_STD_NO2416342_0_nb-NO.xlsx,EDD_XLS_STD_NO2416342_0_nb-NO.xlsx,.xlsx,20,NyeVeier\E18 - Langangen - Rugtvedt\Bunnrenskmasser\Grenland MTS
22_E18 - Langangen - Rugtvedt,NyeVeier\E18 - Langangen - Rugtvedt\Bunnrenskmasser\Grenland MTS\NO2415073_0_COA_Standard_nb-NO.pdf,NO2415073_0_COA_Standard_nb-NO.pdf,.pdf,364,NyeVeier\E18 - Langangen - Rugtvedt\Bunnrenskmasser\Grenland MTS
22_E18 - Langangen - Rugtvedt,NyeVeier\E18 - Langangen - Rugtvedt\Bunnrenskmasser\Grenland MTS\NO2415073_chromatogram.pdf,NO2415073_chromatogram.pdf,.pdf,726,NyeVeier\E18 - Langangen - Rugtvedt\Bunnrenskmasser\Grenland MTS
22_E18 - Langangen - Rugtvedt,"NyeVeier\E18 - Langangen - Rugtvedt\Bunnrenskmasser\Grenland MTS\NO2416342,173168-173172-24 26-07-2024 09.51.10-634 V 1 - Chromatogrammer.pdf","NO2416342,173168-173172-24 26-07-2024 09.51.10-634 V 1 - Chromatogrammer.pdf",.pdf,393,NyeVeier\E18 - Langangen - Rugtvedt\Bunnrenskmasser\Grenland MTS
22_E18 - Langangen - Rugtvedt,NyeVeier\E18 - Langangen - Rugtvedt\Bunnrenskmasser\Grenland MTS\NO2416342_0_COA_Standard_nb-NO.pdf,NO2416342_0_COA_Standard_nb-NO.pdf,.pdf,327,NyeVeier\E18 - Langangen - Rugtvedt\Bunnrenskmasser\Grenland MTS
22_E18 - Langangen - Rugtvedt,NyeVeier\E18 - Langangen - Rugtvedt\Bunnrenskmasser\Grenland MTS\Results - Kjørholt SB - Bunnrensk.xlsx,Results - Kjørholt SB - Bunnrensk.xlsx,.xlsx,21,NyeVeier\E18 - Langangen - Rugtvedt\Bunnrenskmasser\Grenland MTS
22_E18 - Langangen - Rugtvedt,NyeVeier\E18 - Langangen - Rugtvedt\Guide to bottom cleaning masses  P123 - V2.pdf,Guide to bottom cleaning masses  P123 - V2.pdf,.pdf,1307,NyeVeier\E18 - Langangen - Rugtvedt
22_E18 - Langangen - Rugtvedt,NyeVeier\E18 - Langangen - Rugtvedt\Results Bunnrensk (1).pptx,Results Bunnrensk (1).pptx,.pptx,382,NyeVeier\E18 - Langangen - Rugtvedt
22_E18 - Langangen - Rugtvedt,NyeVeier\E18 - Langangen - Rugtvedt\Results Bunnrensk (2).pptx,Results Bunnrensk (2).pptx,.pptx,389,NyeVeier\E18 - Langangen - Rugtvedt
22_E18 - Langangen - Rugtvedt,NyeVeier\E18 - Langangen - Rugtvedt\Reuse of inverted masses overview.xlsx,Reuse of inverted masses overview.xlsx,.xlsx,25335,NyeVeier\E18 - Langangen - Rugtvedt
22_E18 - Langangen - Rugtvedt,NyeVeier\E18 - Langangen - Rugtvedt\Svar på søknad - Permanent disponering av bunnrenskemasser fra tunnel - E18 - Langangen - Rugtve.pdf (1).pdf,Svar på søknad - Permanent disponering av bunnrenskemasser fra tunnel - E18 - Langangen - Rugtve.pdf (1).pdf,.pdf,55,NyeVeier\E18 - Langangen - Rugtvedt
22_E18 - Langangen - Rugtvedt,NyeVeier\E18 - Langangen - Rugtvedt\Tilbakemelding – deponering av ikke-forurensede masser i Raset i Porsgrunn kommune krever ikke t.pdf,Tilbakemelding – deponering av ikke-forurensede masser i Raset i Porsgrunn kommune krever ikke t.pdf,.pdf,94,NyeVeier\E18 - Langangen - Rugtvedt
23_E39 Lyngdal – Lyngdal,NyeVeier\E39 Lyngdal - Lyngdal + E39 Kristiansand - Mandal\2019.11.26_15210_BHM_0083__01_Tillatelse fra FM til disponering av bunnrensemasser E39.PDF,2019.11.26_15210_BHM_0083__01_Tillatelse fra FM til disponering av bunnrensemasser E39.PDF,.pdf,416,NyeVeier\E39 Lyngdal - Lyngdal + E39 Kristiansand - Mandal
23_E39 Lyngdal – Lyngdal,NyeVeier\E39 Lyngdal - Lyngdal + E39 Kristiansand - Mandal\2019.11.26_15210_BHM_0083__02_Tillatelse bunnrensemasser E39.PDF,2019.11.26_15210_BHM_0083__02_Tillatelse bunnrensemasser E39.PDF,.pdf,426,NyeVeier\E39 Lyngdal - Lyngdal + E39 Kristiansand - Mandal
23_E39 Lyngdal – Lyngdal,NyeVeier\E39 Lyngdal - Lyngdal + E39 Kristiansand - Mandal\2020019429-7 - Godkjent tiltaksplan for håndtering av sulfidholdig berg.pdf,2020019429-7 - Godkjent tiltaksplan for håndtering av sulfidholdig berg.pdf,.pdf,380,NyeVeier\E39 Lyngdal - Lyngdal + E39 Kristiansand - Mandal
23_E39 Lyngdal – Lyngdal,NyeVeier\E39 Lyngdal - Lyngdal + E39 Kristiansand - Mandal\Gmail - [eQ-bunnrensk-E39-Vestland] Miljøinformasjon om håndtering av bunnrensk fra tunneldriving.pdf,Gmail - [eQ-bunnrensk-E39-Vestland] Miljøinformasjon om håndtering av bunnrensk fra tunneldriving.pdf,.pdf,652,NyeVeier\E39 Lyngdal - Lyngdal + E39 Kristiansand - Mandal
23_E39 Lyngdal – Lyngdal,NyeVeier\E39 Lyngdal - Lyngdal + E39 Kristiansand - Mandal\Godkjenning av tiltaksplan - sulfider ved Holbektjønn - AF-gruppen (1).docx,Godkjenning av tiltaksplan - sulfider ved Holbektjønn - AF-gruppen (1).docx,.docx,56,NyeVeier\E39 Lyngdal - Lyngdal + E39 Kristiansand - Mandal
23_E39 Lyngdal – Lyngdal,NyeVeier\E39 Lyngdal - Lyngdal + E39 Kristiansand - Mandal\NV42E39LL-YML-PLN-0015_tiltaksplan og godkjenning.pdf,NV42E39LL-YML-PLN-0015_tiltaksplan og godkjenning.pdf,.pdf,2930,NyeVeier\E39 Lyngdal - Lyngdal + E39 Kristiansand - Mandal
23_E39 Lyngdal – Lyngdal,NyeVeier\E39 Lyngdal - Lyngdal + E39 Kristiansand - Mandal\NV42E39LL-YML-RAP-0033_sluttrapport for sulfidholdig berg.pdf,NV42E39LL-YML-RAP-0033_sluttrapport for sulfidholdig berg.pdf,.pdf,5491,NyeVeier\E39 Lyngdal - Lyngdal + E39 Kristiansand - Mandal
23_E39 Lyngdal – Lyngdal,NyeVeier\E39 Lyngdal - Lyngdal + E39 Kristiansand - Mandal\NV42E39LL-YML-SOK-0012.pdf,NV42E39LL-YML-SOK-0012.pdf,.pdf,3877,NyeVeier\E39 Lyngdal - Lyngdal + E39 Kristiansand - Mandal
23_E39 Lyngdal – Lyngdal,NyeVeier\E39 Lyngdal - Lyngdal + E39 Kristiansand - Mandal\Sluttrapport bunnrensk E39LL.pdf,Sluttrapport bunnrensk E39LL.pdf,.pdf,6092,NyeVeier\E39 Lyngdal - Lyngdal + E39 Kristiansand - Mandal
23_E39 Lyngdal – Lyngdal,NyeVeier\E39 Lyngdal - Lyngdal + E39 Kristiansand - Mandal\Sluttrapport bunnrensk Lindelielitunnelen.pdf,Sluttrapport bunnrensk Lindelielitunnelen.pdf,.pdf,1081,NyeVeier\E39 Lyngdal - Lyngdal + E39 Kristiansand - Mandal
23_E39 Lyngdal – Lyngdal,NyeVeier\E39 Lyngdal - Lyngdal + E39 Kristiansand - Mandal\Sluttrapport bunnrenskemasser Mjåvannsheitunnelen.pdf,Sluttrapport bunnrenskemasser Mjåvannsheitunnelen.pdf,.pdf,1090,NyeVeier\E39 Lyngdal - Lyngdal + E39 Kristiansand - Mandal
23_E39 Lyngdal – Lyngdal,NyeVeier\E39 Lyngdal - Lyngdal + E39 Kristiansand - Mandal\Sluttrapport bunnrenskmasser Søgnetunnelen.pdf,Sluttrapport bunnrenskmasser Søgnetunnelen.pdf,.pdf,586,NyeVeier\E39 Lyngdal - Lyngdal + E39 Kristiansand - Mandal
23_E39 Lyngdal – Lyngdal,NyeVeier\E39 Lyngdal - Lyngdal + E39 Kristiansand - Mandal\Sluttrapport for bunnrenskmasser fra Bruliheitunnelen.pdf,Sluttrapport for bunnrenskmasser fra Bruliheitunnelen.pdf,.pdf,382,NyeVeier\E39 Lyngdal - Lyngdal + E39 Kristiansand - Mandal
23_E39 Lyngdal – Lyngdal,NyeVeier\E39 Lyngdal - Lyngdal + E39 Kristiansand - Mandal\Sluttrapport for gjenbruk av bunnrenskmasser fra Vollebergtunnelen.pdf,Sluttrapport for gjenbruk av bunnrenskmasser fra Vollebergtunnelen.pdf,.pdf,387,NyeVeier\E39 Lyngdal - Lyngdal + E39 Kristiansand - Mandal
23_E39 Lyngdal – Lyngdal,NyeVeier\E39 Lyngdal - Lyngdal + E39 Kristiansand - Mandal\Sluttrapport sulfidholdig berg E39 Kv-Mø.pdf,Sluttrapport sulfidholdig berg E39 Kv-Mø.pdf,.pdf,1100,NyeVeier\E39 Lyngdal - Lyngdal + E39 Kristiansand - Mandal
23_E39 Lyngdal – Lyngdal,NyeVeier\E39 Lyngdal - Lyngdal + E39 Kristiansand - Mandal\Tiltaksplan Håndtering sulfidholdig berg ved Holbektjern -  E39 KV-MØ.pdf,Tiltaksplan Håndtering sulfidholdig berg ved Holbektjern -  E39 KV-MØ.pdf,.pdf,2568,NyeVeier\E39 Lyngdal - Lyngdal + E39 Kristiansand - Mandal
23_E39 Lyngdal – Lyngdal,NyeVeier\E39 Lyngdal - Lyngdal + E39 Kristiansand - Mandal\Tiltaksplan for håndtering sulfidholdig berg ved Hellersdalen - E39 KV-MØ (1).pdf,Tiltaksplan for håndtering sulfidholdig berg ved Hellersdalen - E39 KV-MØ (1).pdf,.pdf,4570,NyeVeier\E39 Lyngdal - Lyngdal + E39 Kristiansand - Mandal
23_E39 Lyngdal – Lyngdal,NyeVeier\E39 Lyngdal - Lyngdal + E39 Kristiansand - Mandal\Vedlegg 2.6 Nyttiggjøring av bunnrenskmasser for alle 5 tunnelene.pdf,Vedlegg 2.6 Nyttiggjøring av bunnrenskmasser for alle 5 tunnelene.pdf,.pdf,104,NyeVeier\E39 Lyngdal - Lyngdal + E39 Kristiansand - Mandal
23_E39 Lyngdal – Lyngdal,NyeVeier\E39 Lyngdal - Lyngdal + E39 Kristiansand - Mandal\Vedlegg for ombruk av bunnrenskmasser fra Søgnetunnelen.pdf,Vedlegg for ombruk av bunnrenskmasser fra Søgnetunnelen.pdf,.pdf,364,NyeVeier\E39 Lyngdal - Lyngdal + E39 Kristiansand - Mandal
23_E39 Lyngdal – Lyngdal,NyeVeier\E39 Lyngdal - Lyngdal + E39 Kristiansand - Mandal\Vedlegg til Sluttrapport for gjenbruk av bunnrenskmasser fra Bruliheitunnelen.pdf,Vedlegg til Sluttrapport for gjenbruk av bunnrenskmasser fra Bruliheitunnelen.pdf,.pdf,648,NyeVeier\E39 Lyngdal - Lyngdal + E39 Kristiansand - Mandal
23_E39 Lyngdal – Lyngdal,NyeVeier\E39 Lyngdal - Lyngdal + E39 Kristiansand - Mandal\forste-info-strandheim-leirsted---ferdigny--ton.pdf,forste-info-strandheim-leirsted---ferdigny--ton.pdf,.pdf,4076,NyeVeier\E39 Lyngdal - Lyngdal + E39 Kristiansand - Mandal
25_E6-Storhove-Øyer,NyeVeier\E6 - Storhove - Øyer\2021.0025.T Tillatelse etter forurensingsloven.pdf,2021.0025.T Tillatelse etter forurensingsloven.pdf,.pdf,226,NyeVeier\E6 - Storhove - Øyer
25_E6-Storhove-Øyer,NyeVeier\E6 - Storhove - Øyer\AFGN-3015-YML-PRO-0014 Prosedyre for prøvetaking av bunnrenskmasser tunnel.pdf,AFGN-3015-YML-PRO-0014 Prosedyre for prøvetaking av bunnrenskmasser tunnel.pdf,.pdf,195,NyeVeier\E6 - Storhove - Øyer
25_E6-Storhove-Øyer,NyeVeier\E6 - Storhove - Øyer\Gmail - [eQ-bunnrensk-E6-Storhove-Øyer] Miljøinformasjon om håndtering av bunnrensk fra tunneldriving.pdf,Gmail - [eQ-bunnrensk-E6-Storhove-Øyer] Miljøinformasjon om håndtering av bunnrensk fra tunneldriving.pdf,.pdf,703,NyeVeier\E6 - Storhove - Øyer
25_E6-Storhove-Øyer,NyeVeier\E6 - Storhove - Øyer\NV34E6SØ-YML-SOK-0013_Søknad bunnrenskmasser.pdf,NV34E6SØ-YML-SOK-0013_Søknad bunnrenskmasser.pdf,.pdf,7011,NyeVeier\E6 - Storhove - Øyer
25_E6-Storhove-Øyer,NyeVeier\E6 - Storhove - Øyer\Resultater bunrensk.xlsx,Resultater bunrensk.xlsx,.xlsx,32,NyeVeier\E6 - Storhove - Øyer
25_E6-Storhove-Øyer,NyeVeier\E6 - Storhove - Øyer\Vedtak om endring av tillatelse - gjenbruk av lettere forurensede bunnrenskmasser - E6 Storhove-.pdf,Vedtak om endring av tillatelse - gjenbruk av lettere forurensede bunnrenskmasser - E6 Storhove-.pdf,.pdf,508,NyeVeier\E6 - Storhove - Øyer
26_E6 Kvænangsfjellet,NyeVeier\E6 Kvænangsfjellet + E6 Ranheim – Værnes + E6 Kvithammer – Åsen\Gmail - Nye veiers ref. 2025_1474.pdf,Gmail - Nye veiers ref. 2025_1474.pdf,.pdf,216,NyeVeier\E6 Kvænangsfjellet + E6 Ranheim – Værnes + E6 Kvithammer – Åsen
26_E6 Kvænangsfjellet,NyeVeier\E6 Kvænangsfjellet + E6 Ranheim – Værnes + E6 Kvithammer – Åsen\Sluttrapporter - saksdokumenter\Sluttrapporter\2020-78-121.pdf,2020-78-121.pdf,.pdf,8564,NyeVeier\E6 Kvænangsfjellet + E6 Ranheim – Værnes + E6 Kvithammer – Åsen\Sluttrapporter - saksdokumenter\Sluttrapporter
26_E6 Kvænangsfjellet,NyeVeier\E6 Kvænangsfjellet + E6 Ranheim – Værnes + E6 Kvithammer – Åsen\Sluttrapporter - saksdokumenter\Sluttrapporter\2021-283-101.pdf,2021-283-101.pdf,.pdf,5499,NyeVeier\E6 Kvænangsfjellet + E6 Ranheim – Værnes + E6 Kvithammer – Åsen\Sluttrapporter - saksdokumenter\Sluttrapporter
26_E6 Kvænangsfjellet,NyeVeier\E6 Kvænangsfjellet + E6 Ranheim – Værnes + E6 Kvithammer – Åsen\Søknader\2016-170-539 inkl. sluttrapport.pdf,2016-170-539 inkl. sluttrapport.pdf,.pdf,4262,NyeVeier\E6 Kvænangsfjellet + E6 Ranheim – Værnes + E6 Kvithammer – Åsen\Søknader
26_E6 Kvænangsfjellet,NyeVeier\E6 Kvænangsfjellet + E6 Ranheim – Værnes + E6 Kvithammer – Åsen\Søknader\2020-78-131.pdf,2020-78-131.pdf,.pdf,5026,NyeVeier\E6 Kvænangsfjellet + E6 Ranheim – Værnes + E6 Kvithammer – Åsen\Søknader
26_E6 Kvænangsfjellet,NyeVeier\E6 Kvænangsfjellet + E6 Ranheim – Værnes + E6 Kvithammer – Åsen\Søknader\2020-78-75.pdf,2020-78-75.pdf,.pdf,1364,NyeVeier\E6 Kvænangsfjellet + E6 Ranheim – Værnes + E6 Kvithammer – Åsen\Søknader
26_E6 Kvænangsfjellet,NyeVeier\E6 Kvænangsfjellet + E6 Ranheim – Værnes + E6 Kvithammer – Åsen\Søknader\2021-283-57.pdf,2021-283-57.pdf,.pdf,5739,NyeVeier\E6 Kvænangsfjellet + E6 Ranheim – Værnes + E6 Kvithammer – Åsen\Søknader
26_E6 Kvænangsfjellet,NyeVeier\E6 Kvænangsfjellet + E6 Ranheim – Værnes + E6 Kvithammer – Åsen\Tillatelser\2016-170-533.pdf,2016-170-533.pdf,.pdf,195,NyeVeier\E6 Kvænangsfjellet + E6 Ranheim – Værnes + E6 Kvithammer – Åsen\Tillatelser
26_E6 Kvænangsfjellet,NyeVeier\E6 Kvænangsfjellet + E6 Ranheim – Værnes + E6 Kvithammer – Åsen\Tillatelser\2020-78-78.pdf,2020-78-78.pdf,.pdf,214,NyeVeier\E6 Kvænangsfjellet + E6 Ranheim – Værnes + E6 Kvithammer – Åsen\Tillatelser
26_E6 Kvænangsfjellet,NyeVeier\E6 Kvænangsfjellet + E6 Ranheim – Værnes + E6 Kvithammer – Åsen\Tillatelser\2021-283-70.pdf,2021-283-70.pdf,.pdf,5966,NyeVeier\E6 Kvænangsfjellet + E6 Ranheim – Værnes + E6 Kvithammer – Åsen\Tillatelser
UNMAPPED,NVE (inkl Statkraft og statnett)\Dialog med NVE sitt miljøtilsyn\Gmail - [eQ-bunnrensk-NVE] Tid til en digital kaffeprat om overskuddsmasser i damprosjekter_.pdf,Gmail - [eQ-bunnrensk-NVE] Tid til en digital kaffeprat om overskuddsmasser i damprosjekter_.pdf,.pdf,290,NVE (inkl Statkraft og statnett)\Dialog med NVE sitt miljøtilsyn
UNMAPPED,NVE (inkl Statkraft og statnett)\Dialog med NVE sitt miljøtilsyn\_ 200600275-2 Utslippstillatelse 1054807_1_1.PDF,_ 200600275-2 Utslippstillatelse 1054807_1_1.PDF,.pdf,5849,NVE (inkl Statkraft og statnett)\Dialog med NVE sitt miljøtilsyn
UNMAPPED,NVE (inkl Statkraft og statnett)\NVE - bunnrensk.xlsx,NVE - bunnrensk.xlsx,.xlsx,14,NVE (inkl Statkraft og statnett)
UNMAPPED,NVE (inkl Statkraft og statnett)\eInnsyn\201404173-91 1 Hoveddokument (2).pdf,201404173-91 1 Hoveddokument (2).pdf,.pdf,220,NVE (inkl Statkraft og statnett)\eInnsyn
UNMAPPED,eQ-bunnrnsk-tunnellista.xlsx,eQ-bunnrnsk-tunnellista.xlsx,.xlsx,19,.
