sample_id,parameter,parameter_raw,value,unit,uncertainty,below_limit,loq,analysis_type
p09-MOA-001,DryMatter,Tørrstoff,76.8,%,4.64,False,,totalanalyse
p09-MOA-001,As,Arsen,51.9,mg/kg,10.4,False,,totalanalyse
p09-MOA-001,Cd,Kadmium,0.77,mg/kg,0.15,False,,totalanalyse
p09-MOA-001,Cr,Krom,15.9,mg/kg,3.18,False,,totalanalyse
p09-MOA-001,Cu,Kopper,370.0,mg/kg,74.0,False,,totalanalyse
p09-MOA-001,Hg,Kvikksølv,0.2,mg/kg,,True,0.2,totalanalyse
p09-MOA-001,Ni,Nikkel,12.4,mg/kg,2.5,False,,totalanalyse
p09-MOA-001,Pb,Bly,5.5,mg/kg,1.1,False,,totalanalyse
p09-MOA-001,Zn,Sink,170.0,mg/kg,33.9,False,,totalanalyse
p09-MOA-001,PCB28,PCB 28,0.003,mg/kg,,True,0.003,totalanalyse
p09-MOA-001,PCB52,PCB 52,0.003,mg/kg,,True,0.003,totalanalyse
p09-MOA-001,PCB101,PCB 101,0.003,mg/kg,,True,0.003,totalanalyse
p09-MOA-001,PCB118,PCB 118,0.003,mg/kg,,True,0.003,totalanalyse
p09-MOA-001,PCB138,PCB 138,0.003,mg/kg,,True,0.003,totalanalyse
p09-MOA-001,PCB153,PCB 153,0.003,mg/kg,,True,0.003,totalanalyse
p09-MOA-001,PCB180,PCB 180,0.003,mg/kg,,True,0.003,totalanalyse
p09-MOA-001,PCB7,Sum PCB-7,0.0,mg/kg,,True,,totalanalyse
p09-MOA-001,Naftalen,Naftalen,0.01,mg/kg,,True,0.01,totalanalyse
p09-MOA-001,Acenaftylen,Acenaftylen,0.01,mg/kg,,True,0.01,totalanalyse
p09-MOA-001,Acenaften,Acenaften,0.01,mg/kg,,True,0.01,totalanalyse
p09-MOA-001,Fluoren,Fluoren,0.01,mg/kg,,True,0.01,totalanalyse
p09-MOA-001,Fenantren,Fenantren,0.01,mg/kg,,True,0.01,totalanalyse
p09-MOA-001,Antracen,Antracen,0.01,mg/kg,,True,0.01,totalanalyse
p09-MOA-001,Fluoranten,Fluoranten,0.01,mg/kg,,True,0.01,totalanalyse
p09-MOA-001,Pyren,Pyren,0.01,mg/kg,,True,0.01,totalanalyse
p09-MOA-001,Benzo(a)antracen,Benzo(a)antracen,0.01,mg/kg,,True,0.01,totalanalyse
p09-MOA-001,Krysen,Krysen,0.01,mg/kg,,True,0.01,totalanalyse
p09-MOA-001,Benzo(b)fluoranten,Benzo(b)fluoranten,0.01,mg/kg,,True,0.01,totalanalyse
p09-MOA-001,Benzo(k)fluoranten,Benzo(k)fluoranten,0.01,mg/kg,,True,0.01,totalanalyse
p09-MOA-001,BaP,Benzo(a)pyren,0.01,mg/kg,,True,0.01,totalanalyse
p09-MOA-001,"Dibenzo(a,h)antracen","Dibenzo(a,h)antracen",0.01,mg/kg,,True,0.01,totalanalyse
p09-MOA-001,Benzo(ghi)perylen,Benzo(ghi)perylen,0.01,mg/kg,,True,0.01,totalanalyse
p09-MOA-001,PAH16,Sum PAH-16,0.0,mg/kg,,True,,totalanalyse
p09-MOA-001,Cr_VI,Cr6+,0.272,mg/kg,0.055,False,,totalanalyse
p09-MOA-001,Benzen,Benzen,0.005,mg/kg,,True,0.005,totalanalyse
p09-MOA-001,Toluen,Toluen,0.1,mg/kg,,True,0.1,totalanalyse
p09-MOA-001,Etylbenzen,Etylbenzen,0.02,mg/kg,,True,0.02,totalanalyse
p09-MOA-001,Xylen,Xylener,0.015,mg/kg,,True,0.015,totalanalyse
p09-MOA-001,BTEX,Sum BTEX,0.0,mg/kg,,True,,totalanalyse
p09-MOA-001,THC C5-C6,Fraksjon >C5-C6,7.0,mg/kg,,True,7.0,totalanalyse
p09-MOA-001,THC C6-C8,Fraksjon >C6-C8,7.0,mg/kg,,True,7.0,totalanalyse
p09-MOA-001,THC C8-C10,Fraksjon >C8-C10,10.0,mg/kg,,True,10.0,totalanalyse
p09-MOA-001,THC C10-C12,Fraksjon >C10-C12,2.0,mg/kg,,True,2.0,totalanalyse
p09-MOA-001,THC C12-C16,Fraksjon >C12-C16,3.0,mg/kg,,True,3.0,totalanalyse
p09-MOA-001,THC C16-C35,Fraksjon >C16-C35,140.0,mg/kg,42.0,False,,totalanalyse
p09-MOA-001,THC C12-C35,Sum >C12-C35,140.0,mg/kg,,False,,totalanalyse
p09-MOA-001,CN,Cyanid-fri,0.1,mg/kg,,True,0.1,totalanalyse
p09-MOA-001,CP_2-MCP,2-Monoklorfenol,0.02,mg/kg,,True,0.02,totalanalyse
p09-MOA-001,CP_3-MCP,3-Monoklorfenol,0.02,mg/kg,,True,0.02,totalanalyse
p09-MOA-001,CP_4-MCP,4-Monoklorfenol,0.02,mg/kg,,True,0.02,totalanalyse
p09-MOA-001,"CP_2,3-DCP","2,3-Diklorfenol",0.02,mg/kg,,True,0.02,totalanalyse
p09-MOA-001,"CP_2,4+2,5-DCP","2,4+2,5-Diklorfenol",0.04,mg/kg,,True,0.04,totalanalyse
p09-MOA-001,"CP_2,6-DCP","2,6-Diklorfenol",0.02,mg/kg,,True,0.02,totalanalyse
p09-MOA-001,"CP_3,4-DCP","3,4-Diklorfenol",0.02,mg/kg,,True,0.02,totalanalyse
p09-MOA-001,"CP_3,5-DCP","3,5-Diklorfenol",0.02,mg/kg,,True,0.02,totalanalyse
p09-MOA-001,"CP_2,3,4-TCP","2,3,4-Triklorfenol",0.02,mg/kg,,True,0.02,totalanalyse
p09-MOA-001,"CP_2,3,5-TCP","2,3,5-Triklorfenol",0.02,mg/kg,,True,0.02,totalanalyse
p09-MOA-001,"CP_2,3,6-TCP","2,3,6-Triklorfenol",0.02,mg/kg,,True,0.02,totalanalyse
p09-MOA-001,"CP_2,4,5-TCP","2,4,5-Triklorfenol",0.02,mg/kg,,True,0.02,totalanalyse
p09-MOA-001,"CP_2,4,6-TCP","2,4,6-Triklorfenol",0.02,mg/kg,,True,0.02,totalanalyse
p09-MOA-001,"CP_3,4,5-TCP","3,4,5-Triklorfenol",0.02,mg/kg,,True,0.02,totalanalyse
p09-MOA-001,"CP_2,3,4,5-TeCP","2,3,4,5-Tetraklorfenol",0.02,mg/kg,,True,0.02,totalanalyse
p09-MOA-001,"CP_2,3,4,6-TeCP","2,3,4,6-Tetraklorfenol",0.02,mg/kg,,True,0.02,totalanalyse
p09-MOA-001,"CP_2,3,5,6-TeCP","2,3,5,6-Tetraklorfenol",0.02,mg/kg,,True,0.02,totalanalyse
p09-MOA-001,CP_PCP,Pentaklorfenol,0.006,mg/kg,,True,0.006,totalanalyse
p09-MOA-001,CB_MCB,Monoklorbensen,0.01,mg/kg,,True,0.01,totalanalyse
p09-MOA-001,"CB_1,2-DCB","1,2-Diklorbensen",0.02,mg/kg,,True,0.02,totalanalyse
p09-MOA-001,"CB_1,4-DCB","1,4-Diklorbensen",0.02,mg/kg,,True,0.02,totalanalyse
p09-MOA-001,"CB_1,2,3-TCB","1,2,3-Triklorbensen",0.01,mg/kg,,True,0.01,totalanalyse
p09-MOA-001,"CB_1,2,4-TCB","1,2,4-Triklorbensen",0.03,mg/kg,,True,0.03,totalanalyse
p09-MOA-001,"CB_1,3,5-TCB","1,3,5-Triklorbensen",0.01,mg/kg,,True,0.01,totalanalyse
p09-MOA-001,CB_TeCB,"1,2,3,5+1,2,4,5-Tetraklorbensen",0.02,mg/kg,,True,0.02,totalanalyse
p09-MOA-001,CB_PeCB,Pentaklorbensen,0.01,mg/kg,,True,0.01,totalanalyse
p09-MOA-001,CB_HCB,Heksaklorbensen,0.005,mg/kg,,True,0.005,totalanalyse
p09-MOA-001,VOC_DCM,Diklormetana,0.06,mg/kg,,True,0.06,totalanalyse
p09-MOA-001,VOC_Chloroform,Triklormetan (kloroform),0.02,mg/kg,,True,0.02,totalanalyse
p09-MOA-001,VOC_TCE,Trikloreten,0.01,mg/kg,,True,0.01,totalanalyse
p09-MOA-001,VOC_CCl4,Tetraklormetana,0.01,mg/kg,,True,0.01,totalanalyse
p09-MOA-001,VOC_PCE,Tetrakloreten,0.01,mg/kg,,True,0.01,totalanalyse
p09-MOA-001,"VOC_1,2-DCA","1,2-Dikloretan",0.003,mg/kg,,True,0.003,totalanalyse
p09-MOA-001,"VOC_1,1,1-TCA","1,1,1-Trikloretan",0.01,mg/kg,,True,0.01,totalanalyse
p09-MOA-001,VOC_EDB,"1,2-Dibrometan",0.004,mg/kg,,True,0.004,totalanalyse
p09-MOA-001,"VOC_1,1,2-TCA","1,1,2-Trikloretan",0.01,mg/kg,,True,0.01,totalanalyse
p09-MOA-001,PEST_Lindane,g-HCH (Lindan),0.001,mg/kg,,True,0.001,totalanalyse
p09-MOA-001,PEST_op-DDT,"o,p'-DDT",0.01,mg/kg,,True,0.01,totalanalyse
p09-MOA-001,PEST_pp-DDT,"p,p'-DDT",0.01,mg/kg,,True,0.01,totalanalyse
p09-MOA-001,PEST_op-DDD,"o,p'-DDD",0.01,mg/kg,,True,0.01,totalanalyse
p09-MOA-001,PEST_pp-DDD,"p,p'-DDD",0.01,mg/kg,,True,0.01,totalanalyse
p09-MOA-001,PEST_op-DDE,"o,p'-DDE",0.01,mg/kg,,True,0.01,totalanalyse
p09-MOA-001,PEST_pp-DDE,"p,p'-DDE",0.01,mg/kg,,True,0.01,totalanalyse
p09-MOA-002,DryMatter,Tørrstoff,81.1,%,4.9,False,,totalanalyse
p09-MOA-002,As,Arsen,5.01,mg/kg,1.0,False,,totalanalyse
p09-MOA-002,Cd,Kadmium,0.42,mg/kg,0.08,False,,totalanalyse
p09-MOA-002,Cr,Krom,13.0,mg/kg,2.6,False,,totalanalyse
p09-MOA-002,Cu,Kopper,401.0,mg/kg,80.2,False,,totalanalyse
p09-MOA-002,Hg,Kvikksølv,0.2,mg/kg,,True,0.2,totalanalyse
p09-MOA-002,Ni,Nikkel,11.2,mg/kg,2.2,False,,totalanalyse
p09-MOA-002,Pb,Bly,4.5,mg/kg,0.9,False,,totalanalyse
p09-MOA-002,Zn,Sink,190.0,mg/kg,38.0,False,,totalanalyse
p09-MOA-002,PCB28,PCB 28,0.003,mg/kg,,True,0.003,totalanalyse
p09-MOA-002,PCB52,PCB 52,0.003,mg/kg,,True,0.003,totalanalyse
p09-MOA-002,PCB101,PCB 101,0.003,mg/kg,,True,0.003,totalanalyse
p09-MOA-002,PCB118,PCB 118,0.003,mg/kg,,True,0.003,totalanalyse
p09-MOA-002,PCB138,PCB 138,0.003,mg/kg,,True,0.003,totalanalyse
p09-MOA-002,PCB153,PCB 153,0.003,mg/kg,,True,0.003,totalanalyse
p09-MOA-002,PCB180,PCB 180,0.003,mg/kg,,True,0.003,totalanalyse
p09-MOA-002,PCB7,Sum PCB-7,0.0,mg/kg,,True,,totalanalyse
p09-MOA-002,Naftalen,Naftalen,0.01,mg/kg,,True,0.01,totalanalyse
p09-MOA-002,Acenaftylen,Acenaftylen,0.01,mg/kg,,True,0.01,totalanalyse
p09-MOA-002,Acenaften,Acenaften,0.01,mg/kg,,True,0.01,totalanalyse
p09-MOA-002,Fluoren,Fluoren,0.01,mg/kg,,True,0.01,totalanalyse
p09-MOA-002,Fenantren,Fenantren,0.01,mg/kg,,True,0.01,totalanalyse
p09-MOA-002,Antracen,Antracen,0.01,mg/kg,,True,0.01,totalanalyse
p09-MOA-002,Fluoranten,Fluoranten,0.01,mg/kg,,True,0.01,totalanalyse
p09-MOA-002,Pyren,Pyren,0.01,mg/kg,,True,0.01,totalanalyse
p09-MOA-002,Benzo(a)antracen,Benzo(a)antracen,0.01,mg/kg,,True,0.01,totalanalyse
p09-MOA-002,Krysen,Krysen,0.01,mg/kg,,True,0.01,totalanalyse
p09-MOA-002,Benzo(b)fluoranten,Benzo(b)fluoranten,0.01,mg/kg,,True,0.01,totalanalyse
p09-MOA-002,Benzo(k)fluoranten,Benzo(k)fluoranten,0.01,mg/kg,,True,0.01,totalanalyse
p09-MOA-002,BaP,Benzo(a)pyren,0.01,mg/kg,,True,0.01,totalanalyse
p09-MOA-002,"Dibenzo(a,h)antracen","Dibenzo(a,h)antracen",0.01,mg/kg,,True,0.01,totalanalyse
p09-MOA-002,Benzo(ghi)perylen,Benzo(ghi)perylen,0.01,mg/kg,,True,0.01,totalanalyse
p09-MOA-002,PAH16,Sum PAH-16,0.0,mg/kg,,True,,totalanalyse
p09-MOA-002,Benzen,Benzen,0.005,mg/kg,,True,0.005,totalanalyse
p09-MOA-002,Toluen,Toluen,0.1,mg/kg,,True,0.1,totalanalyse
p09-MOA-002,Etylbenzen,Etylbenzen,0.02,mg/kg,,True,0.02,totalanalyse
p09-MOA-002,Xylen,Xylener,0.015,mg/kg,,True,0.015,totalanalyse
p09-MOA-002,BTEX,Sum BTEX,0.0,mg/kg,,True,,totalanalyse
p09-MOA-002,THC C5-C6,Fraksjon >C5-C6,7.0,mg/kg,,True,7.0,totalanalyse
p09-MOA-002,THC C6-C8,Fraksjon >C6-C8,7.0,mg/kg,,True,7.0,totalanalyse
p09-MOA-002,THC C8-C10,Fraksjon >C8-C10,10.0,mg/kg,,True,10.0,totalanalyse
p09-MOA-002,THC C10-C12,Fraksjon >C10-C12,2.0,mg/kg,,True,2.0,totalanalyse
p09-MOA-002,THC C12-C16,Fraksjon >C12-C16,3.4,mg/kg,1.0,False,,totalanalyse
p09-MOA-002,Cr_VI,Cr6+,0.125,mg/kg,0.027,False,,totalanalyse
p09-MOA-002,Benzen,Benzen,0.01,mg/kg,,True,0.01,totalanalyse
p09-MOA-002,THC C16-C35,Fraksjon >C16-C35,214.0,mg/kg,64.0,False,,totalanalyse
p09-MOA-002,THC C12-C35,Sum >C12-C35,217.0,mg/kg,,False,,totalanalyse
p09-MOA-002,CN,Cyanid-fri,0.1,mg/kg,,True,0.1,totalanalyse
p09-MOA-002,CP_2-MCP,2-Monoklorfenol,0.02,mg/kg,,True,0.02,totalanalyse
p09-MOA-002,CP_3-MCP,3-Monoklorfenol,0.02,mg/kg,,True,0.02,totalanalyse
p09-MOA-002,CP_4-MCP,4-Monoklorfenol,0.02,mg/kg,,True,0.02,totalanalyse
p09-MOA-002,"CP_2,3-DCP","2,3-Diklorfenol",0.02,mg/kg,,True,0.02,totalanalyse
p09-MOA-002,"CP_2,4+2,5-DCP","2,4+2,5-Diklorfenol",0.04,mg/kg,,True,0.04,totalanalyse
p09-MOA-002,"CP_2,6-DCP","2,6-Diklorfenol",0.02,mg/kg,,True,0.02,totalanalyse
p09-MOA-002,"CP_3,4-DCP","3,4-Diklorfenol",0.02,mg/kg,,True,0.02,totalanalyse
p09-MOA-002,"CP_3,5-DCP","3,5-Diklorfenol",0.02,mg/kg,,True,0.02,totalanalyse
p09-MOA-002,"CP_2,3,4-TCP","2,3,4-Triklorfenol",0.02,mg/kg,,True,0.02,totalanalyse
p09-MOA-002,"CP_2,3,5-TCP","2,3,5-Triklorfenol",0.02,mg/kg,,True,0.02,totalanalyse
p09-MOA-002,"CP_2,3,6-TCP","2,3,6-Triklorfenol",0.02,mg/kg,,True,0.02,totalanalyse
p09-MOA-002,"CP_2,4,5-TCP","2,4,5-Triklorfenol",0.02,mg/kg,,True,0.02,totalanalyse
p09-MOA-002,"CP_2,4,6-TCP","2,4,6-Triklorfenol",0.02,mg/kg,,True,0.02,totalanalyse
p09-MOA-002,"CP_3,4,5-TCP","3,4,5-Triklorfenol",0.02,mg/kg,,True,0.02,totalanalyse
p09-MOA-002,"CP_2,3,4,5-TeCP","2,3,4,5-Tetraklorfenol",0.02,mg/kg,,True,0.02,totalanalyse
p09-MOA-002,"CP_2,3,4,6-TeCP","2,3,4,6-Tetraklorfenol",0.02,mg/kg,,True,0.02,totalanalyse
p09-MOA-002,"CP_2,3,5,6-TeCP","2,3,5,6-Tetraklorfenol",0.02,mg/kg,,True,0.02,totalanalyse
p09-MOA-002,CP_PCP,Pentaklorfenol,0.006,mg/kg,,True,0.006,totalanalyse
p09-MOA-002,CB_MCB,Monoklorbensen,0.01,mg/kg,,True,0.01,totalanalyse
p09-MOA-002,"CB_1,2-DCB","1,2-Diklorbensen",0.02,mg/kg,,True,0.02,totalanalyse
p09-MOA-002,"CB_1,4-DCB","1,4-Diklorbensen",0.02,mg/kg,,True,0.02,totalanalyse
p09-MOA-002,"CB_1,2,3-TCB","1,2,3-Triklorbensen",0.01,mg/kg,,True,0.01,totalanalyse
p09-MOA-002,"CB_1,2,4-TCB","1,2,4-Triklorbensen",0.03,mg/kg,,True,0.03,totalanalyse
p09-MOA-002,"CB_1,3,5-TCB","1,3,5-Triklorbensen",0.01,mg/kg,,True,0.01,totalanalyse
p09-MOA-002,CB_TeCB,"1,2,3,5+1,2,4,5-Tetraklorbensen",0.02,mg/kg,,True,0.02,totalanalyse
p09-MOA-002,CB_PeCB,Pentaklorbensen,0.01,mg/kg,,True,0.01,totalanalyse
p09-MOA-002,CB_HCB,Heksaklorbensen,0.005,mg/kg,,True,0.005,totalanalyse
p09-MOA-002,VOC_DCM,Diklormetana,0.06,mg/kg,,True,0.06,totalanalyse
p09-MOA-002,VOC_Chloroform,Triklormetan (kloroform),0.02,mg/kg,,True,0.02,totalanalyse
p09-MOA-002,VOC_TCE,Trikloreten,0.01,mg/kg,,True,0.01,totalanalyse
p09-MOA-002,VOC_CCl4,Tetraklormetana,0.01,mg/kg,,True,0.01,totalanalyse
p09-MOA-002,VOC_PCE,Tetrakloreten,0.01,mg/kg,,True,0.01,totalanalyse
p09-MOA-002,"VOC_1,2-DCA","1,2-Dikloretan",0.003,mg/kg,,True,0.003,totalanalyse
p09-MOA-002,"VOC_1,1,1-TCA","1,1,1-Trikloretan",0.01,mg/kg,,True,0.01,totalanalyse
p09-MOA-002,VOC_EDB,"1,2-Dibrometan",0.004,mg/kg,,True,0.004,totalanalyse
p09-MOA-002,"VOC_1,1,2-TCA","1,1,2-Trikloretan",0.01,mg/kg,,True,0.01,totalanalyse
p09-MOA-002,PEST_Lindane,g-HCH (Lindan),0.001,mg/kg,,True,0.001,totalanalyse
p09-MOA-002,PEST_op-DDT,"o,p'-DDT",0.01,mg/kg,,True,0.01,totalanalyse
p09-MOA-002,PEST_pp-DDT,"p,p'-DDT",0.01,mg/kg,,True,0.01,totalanalyse
p09-MOA-002,PEST_op-DDD,"o,p'-DDD",0.01,mg/kg,,True,0.01,totalanalyse
p09-MOA-002,PEST_pp-DDD,"p,p'-DDD",0.01,mg/kg,,True,0.01,totalanalyse
p09-MOA-002,PEST_op-DDE,"o,p'-DDE",0.01,mg/kg,,True,0.01,totalanalyse
p09-MOA-002,PEST_pp-DDE,"p,p'-DDE",0.01,mg/kg,,True,0.01,totalanalyse
p09-MOA-003,DryMatter,Tørrstoff,84.6,%,5.11,False,,totalanalyse
p09-MOA-003,As,Arsen,10.0,mg/kg,2.0,False,,totalanalyse
p09-MOA-003,Cd,Kadmium,0.23,mg/kg,0.04,False,,totalanalyse
p09-MOA-003,Cr,Krom,8.1,mg/kg,1.62,False,,totalanalyse
p09-MOA-003,Cu,Kopper,113.0,mg/kg,22.5,False,,totalanalyse
p09-MOA-003,Hg,Kvikksølv,0.2,mg/kg,,True,0.2,totalanalyse
p09-MOA-003,Ni,Nikkel,8.7,mg/kg,1.7,False,,totalanalyse
p09-MOA-003,Pb,Bly,3.5,mg/kg,0.7,False,,totalanalyse
p09-MOA-003,Zn,Sink,102.0,mg/kg,20.4,False,,totalanalyse
p09-MOA-003,PCB28,PCB 28,0.003,mg/kg,,True,0.003,totalanalyse
p09-MOA-003,PCB52,PCB 52,0.003,mg/kg,,True,0.003,totalanalyse
p09-MOA-003,PCB101,PCB 101,0.003,mg/kg,,True,0.003,totalanalyse
p09-MOA-003,PCB118,PCB 118,0.003,mg/kg,,True,0.003,totalanalyse
p09-MOA-003,PCB138,PCB 138,0.003,mg/kg,,True,0.003,totalanalyse
p09-MOA-003,PCB153,PCB 153,0.003,mg/kg,,True,0.003,totalanalyse
p09-MOA-003,PCB180,PCB 180,0.003,mg/kg,,True,0.003,totalanalyse
p09-MOA-003,PCB7,Sum PCB-7,0.0,mg/kg,,True,,totalanalyse
p09-MOA-003,Naftalen,Naftalen,0.01,mg/kg,,True,0.01,totalanalyse
p09-MOA-003,Acenaftylen,Acenaftylen,0.01,mg/kg,,True,0.01,totalanalyse
p09-MOA-003,Acenaften,Acenaften,0.01,mg/kg,,True,0.01,totalanalyse
p09-MOA-003,Fluoren,Fluoren,0.01,mg/kg,,True,0.01,totalanalyse
p09-MOA-003,Fenantren,Fenantren,0.01,mg/kg,,True,0.01,totalanalyse
p09-MOA-003,Antracen,Antracen,0.01,mg/kg,,True,0.01,totalanalyse
p09-MOA-003,Fluoranten,Fluoranten,0.01,mg/kg,,True,0.01,totalanalyse
p09-MOA-003,Pyren,Pyren,0.01,mg/kg,,True,0.01,totalanalyse
p09-MOA-003,Benzo(a)antracen,Benzo(a)antracen,0.01,mg/kg,,True,0.01,totalanalyse
p09-MOA-003,Krysen,Krysen,0.01,mg/kg,,True,0.01,totalanalyse
p09-MOA-003,Benzo(b)fluoranten,Benzo(b)fluoranten,0.01,mg/kg,,True,0.01,totalanalyse
p09-MOA-003,Benzo(k)fluoranten,Benzo(k)fluoranten,0.01,mg/kg,,True,0.01,totalanalyse
p09-MOA-003,BaP,Benzo(a)pyren,0.01,mg/kg,,True,0.01,totalanalyse
p09-MOA-003,"Dibenzo(a,h)antracen","Dibenzo(a,h)antracen",0.01,mg/kg,,True,0.01,totalanalyse
p09-MOA-003,Benzo(ghi)perylen,Benzo(ghi)perylen,0.01,mg/kg,,True,0.01,totalanalyse
p09-MOA-003,PAH16,Sum PAH-16,0.0,mg/kg,,True,,totalanalyse
p09-MOA-003,Benzen,Benzen,0.005,mg/kg,,True,0.005,totalanalyse
p09-MOA-003,Toluen,Toluen,0.1,mg/kg,,True,0.1,totalanalyse
p09-MOA-003,Etylbenzen,Etylbenzen,0.02,mg/kg,,True,0.02,totalanalyse
p09-MOA-003,Xylen,Xylener,0.015,mg/kg,,True,0.015,totalanalyse
p09-MOA-003,BTEX,Sum BTEX,0.0,mg/kg,,True,,totalanalyse
p09-MOA-003,THC C5-C6,Fraksjon >C5-C6,7.0,mg/kg,,True,7.0,totalanalyse
p09-MOA-003,THC C6-C8,Fraksjon >C6-C8,7.0,mg/kg,,True,7.0,totalanalyse
p09-MOA-003,THC C8-C10,Fraksjon >C8-C10,10.0,mg/kg,,True,10.0,totalanalyse
p09-MOA-003,THC C10-C12,Fraksjon >C10-C12,2.0,mg/kg,,True,2.0,totalanalyse
p09-MOA-003,THC C12-C16,Fraksjon >C12-C16,3.5,mg/kg,1.0,False,,totalanalyse
p09-MOA-003,Cr_VI,Cr6+,0.08,mg/kg,0.019,False,,totalanalyse
p09-MOA-003,Benzen,Benzen,0.01,mg/kg,,True,0.01,totalanalyse
p09-MOA-003,THC C16-C35,Fraksjon >C16-C35,178.0,mg/kg,54.0,False,,totalanalyse
p09-MOA-003,THC C12-C35,Sum >C12-C35,182.0,mg/kg,,False,,totalanalyse
p09-MOA-003,CN,Cyanid-fri,0.1,mg/kg,,True,0.1,totalanalyse
p09-MOA-003,CP_2-MCP,2-Monoklorfenol,0.02,mg/kg,,True,0.02,totalanalyse
p09-MOA-003,CP_3-MCP,3-Monoklorfenol,0.02,mg/kg,,True,0.02,totalanalyse
p09-MOA-003,CP_4-MCP,4-Monoklorfenol,0.02,mg/kg,,True,0.02,totalanalyse
p09-MOA-003,"CP_2,3-DCP","2,3-Diklorfenol",0.02,mg/kg,,True,0.02,totalanalyse
p09-MOA-003,"CP_2,4+2,5-DCP","2,4+2,5-Diklorfenol",0.04,mg/kg,,True,0.04,totalanalyse
p09-MOA-003,"CP_2,6-DCP","2,6-Diklorfenol",0.02,mg/kg,,True,0.02,totalanalyse
p09-MOA-003,"CP_3,4-DCP","3,4-Diklorfenol",0.02,mg/kg,,True,0.02,totalanalyse
p09-MOA-003,"CP_3,5-DCP","3,5-Diklorfenol",0.02,mg/kg,,True,0.02,totalanalyse
p09-MOA-003,"CP_2,3,4-TCP","2,3,4-Triklorfenol",0.02,mg/kg,,True,0.02,totalanalyse
p09-MOA-003,"CP_2,3,5-TCP","2,3,5-Triklorfenol",0.02,mg/kg,,True,0.02,totalanalyse
p09-MOA-003,"CP_2,3,6-TCP","2,3,6-Triklorfenol",0.02,mg/kg,,True,0.02,totalanalyse
p09-MOA-003,"CP_2,4,5-TCP","2,4,5-Triklorfenol",0.02,mg/kg,,True,0.02,totalanalyse
p09-MOA-003,"CP_2,4,6-TCP","2,4,6-Triklorfenol",0.02,mg/kg,,True,0.02,totalanalyse
p09-MOA-003,"CP_3,4,5-TCP","3,4,5-Triklorfenol",0.02,mg/kg,,True,0.02,totalanalyse
p09-MOA-003,"CP_2,3,4,5-TeCP","2,3,4,5-Tetraklorfenol",0.02,mg/kg,,True,0.02,totalanalyse
p09-MOA-003,"CP_2,3,4,6-TeCP","2,3,4,6-Tetraklorfenol",0.02,mg/kg,,True,0.02,totalanalyse
p09-MOA-003,"CP_2,3,5,6-TeCP","2,3,5,6-Tetraklorfenol",0.02,mg/kg,,True,0.02,totalanalyse
p09-MOA-003,CP_PCP,Pentaklorfenol,0.006,mg/kg,,True,0.006,totalanalyse
p09-MOA-003,CB_MCB,Monoklorbensen,0.01,mg/kg,,True,0.01,totalanalyse
p09-MOA-003,"CB_1,2-DCB","1,2-Diklorbensen",0.02,mg/kg,,True,0.02,totalanalyse
p09-MOA-003,"CB_1,4-DCB","1,4-Diklorbensen",0.02,mg/kg,,True,0.02,totalanalyse
p09-MOA-003,"CB_1,2,3-TCB","1,2,3-Triklorbensen",0.01,mg/kg,,True,0.01,totalanalyse
p09-MOA-003,"CB_1,2,4-TCB","1,2,4-Triklorbensen",0.03,mg/kg,,True,0.03,totalanalyse
p09-MOA-003,"CB_1,3,5-TCB","1,3,5-Triklorbensen",0.01,mg/kg,,True,0.01,totalanalyse
p09-MOA-003,CB_TeCB,"1,2,3,5+1,2,4,5-Tetraklorbensen",0.02,mg/kg,,True,0.02,totalanalyse
p09-MOA-003,CB_PeCB,Pentaklorbensen,0.01,mg/kg,,True,0.01,totalanalyse
p09-MOA-003,CB_HCB,Heksaklorbensen,0.005,mg/kg,,True,0.005,totalanalyse
p09-MOA-003,VOC_DCM,Diklormetana,0.06,mg/kg,,True,0.06,totalanalyse
p09-MOA-003,VOC_Chloroform,Triklormetan (kloroform),0.02,mg/kg,,True,0.02,totalanalyse
p09-MOA-003,VOC_TCE,Trikloreten,0.01,mg/kg,,True,0.01,totalanalyse
p09-MOA-003,VOC_CCl4,Tetraklormetana,0.01,mg/kg,,True,0.01,totalanalyse
p09-MOA-003,VOC_PCE,Tetrakloreten,0.01,mg/kg,,True,0.01,totalanalyse
p09-MOA-003,"VOC_1,2-DCA","1,2-Dikloretan",0.003,mg/kg,,True,0.003,totalanalyse
p09-MOA-003,"VOC_1,1,1-TCA","1,1,1-Trikloretan",0.01,mg/kg,,True,0.01,totalanalyse
p09-MOA-003,VOC_EDB,"1,2-Dibrometan",0.004,mg/kg,,True,0.004,totalanalyse
p09-MOA-003,"VOC_1,1,2-TCA","1,1,2-Trikloretan",0.01,mg/kg,,True,0.01,totalanalyse
p09-MOA-003,PEST_Lindane,g-HCH (Lindan),0.001,mg/kg,,True,0.001,totalanalyse
p09-MOA-003,PEST_op-DDT,"o,p'-DDT",0.01,mg/kg,,True,0.01,totalanalyse
p09-MOA-003,PEST_pp-DDT,"p,p'-DDT",0.01,mg/kg,,True,0.01,totalanalyse
p09-MOA-003,PEST_op-DDD,"o,p'-DDD",0.01,mg/kg,,True,0.01,totalanalyse
p09-MOA-003,PEST_pp-DDD,"p,p'-DDD",0.01,mg/kg,,True,0.01,totalanalyse
p09-MOA-003,PEST_op-DDE,"o,p'-DDE",0.01,mg/kg,,True,0.01,totalanalyse
p09-MOA-003,PEST_pp-DDE,"p,p'-DDE",0.01,mg/kg,,True,0.01,totalanalyse
p09-MOA-004,DryMatter,Tørrstoff,71.8,%,4.34,False,,totalanalyse
p09-MOA-004,As,Arsen,8.38,mg/kg,1.68,False,,totalanalyse
p09-MOA-004,Cd,Kadmium,0.64,mg/kg,0.13,False,,totalanalyse
p09-MOA-004,Cr,Krom,12.2,mg/kg,2.44,False,,totalanalyse
p09-MOA-004,Cu,Kopper,482.0,mg/kg,96.4,False,,totalanalyse
p09-MOA-004,Hg,Kvikksølv,0.2,mg/kg,,True,0.2,totalanalyse
p09-MOA-004,Ni,Nikkel,11.9,mg/kg,2.4,False,,totalanalyse
p09-MOA-004,Pb,Bly,4.6,mg/kg,0.9,False,,totalanalyse
p09-MOA-004,Zn,Sink,188.0,mg/kg,37.7,False,,totalanalyse
p09-MOA-004,PCB28,PCB 28,0.003,mg/kg,,True,0.003,totalanalyse
p09-MOA-004,PCB52,PCB 52,0.003,mg/kg,,True,0.003,totalanalyse
p09-MOA-004,PCB101,PCB 101,0.003,mg/kg,,True,0.003,totalanalyse
p09-MOA-004,PCB118,PCB 118,0.003,mg/kg,,True,0.003,totalanalyse
p09-MOA-004,PCB138,PCB 138,0.003,mg/kg,,True,0.003,totalanalyse
p09-MOA-004,PCB153,PCB 153,0.003,mg/kg,,True,0.003,totalanalyse
p09-MOA-004,PCB180,PCB 180,0.003,mg/kg,,True,0.003,totalanalyse
p09-MOA-004,PCB7,Sum PCB-7,0.0,mg/kg,,True,,totalanalyse
p09-MOA-004,Naftalen,Naftalen,0.01,mg/kg,,True,0.01,totalanalyse
p09-MOA-004,Acenaftylen,Acenaftylen,0.01,mg/kg,,True,0.01,totalanalyse
p09-MOA-004,Acenaften,Acenaften,0.01,mg/kg,,True,0.01,totalanalyse
p09-MOA-004,Fluoren,Fluoren,0.01,mg/kg,,True,0.01,totalanalyse
p09-MOA-004,Fenantren,Fenantren,0.014,mg/kg,0.004,False,,totalanalyse
p09-MOA-004,Antracen,Antracen,0.01,mg/kg,,True,0.01,totalanalyse
p09-MOA-004,Fluoranten,Fluoranten,0.01,mg/kg,,True,0.01,totalanalyse
p09-MOA-004,Pyren,Pyren,0.013,mg/kg,0.004,False,,totalanalyse
p09-MOA-004,Benzo(a)antracen,Benzo(a)antracen,0.01,mg/kg,,True,0.01,totalanalyse
p09-MOA-004,Krysen,Krysen,0.01,mg/kg,,True,0.01,totalanalyse
p09-MOA-004,Benzo(b)fluoranten,Benzo(b)fluoranten,0.01,mg/kg,,True,0.01,totalanalyse
p09-MOA-004,Benzo(k)fluoranten,Benzo(k)fluoranten,0.01,mg/kg,,True,0.01,totalanalyse
p09-MOA-004,BaP,Benzo(a)pyren,0.01,mg/kg,,True,0.01,totalanalyse
p09-MOA-004,"Dibenzo(a,h)antracen","Dibenzo(a,h)antracen",0.01,mg/kg,,True,0.01,totalanalyse
p09-MOA-004,Benzo(ghi)perylen,Benzo(ghi)perylen,0.01,mg/kg,,True,0.01,totalanalyse
p09-MOA-004,PAH16,Sum PAH-16,0.027,mg/kg,,False,,totalanalyse
p09-MOA-004,Benzen,Benzen,0.005,mg/kg,,True,0.005,totalanalyse
p09-MOA-004,Toluen,Toluen,0.1,mg/kg,,True,0.1,totalanalyse
p09-MOA-004,Etylbenzen,Etylbenzen,0.02,mg/kg,,True,0.02,totalanalyse
p09-MOA-004,Xylen,Xylener,0.015,mg/kg,,True,0.015,totalanalyse
p09-MOA-004,BTEX,Sum BTEX,0.0,mg/kg,,True,,totalanalyse
p09-MOA-004,THC C5-C6,Fraksjon >C5-C6,7.0,mg/kg,,True,7.0,totalanalyse
p09-MOA-004,THC C6-C8,Fraksjon >C6-C8,7.0,mg/kg,,True,7.0,totalanalyse
p09-MOA-004,THC C8-C10,Fraksjon >C8-C10,10.0,mg/kg,,True,10.0,totalanalyse
p09-MOA-004,THC C10-C12,Fraksjon >C10-C12,2.0,mg/kg,,True,2.0,totalanalyse
p09-MOA-004,THC C12-C16,Fraksjon >C12-C16,6.9,mg/kg,2.1,False,,totalanalyse
p09-MOA-004,Cr_VI,Cr6+,0.085,mg/kg,0.02,False,,totalanalyse
p09-MOA-004,Benzen,Benzen,0.01,mg/kg,,True,0.01,totalanalyse
p09-MOA-004,THC C16-C35,Fraksjon >C16-C35,613.0,mg/kg,184.0,False,,totalanalyse
p09-MOA-004,THC C12-C35,Sum >C12-C35,620.0,mg/kg,,False,,totalanalyse
p09-MOA-004,CN,Cyanid-fri,0.1,mg/kg,,True,0.1,totalanalyse
p09-MOA-004,CP_2-MCP,2-Monoklorfenol,0.02,mg/kg,,True,0.02,totalanalyse
p09-MOA-004,CP_3-MCP,3-Monoklorfenol,0.02,mg/kg,,True,0.02,totalanalyse
p09-MOA-004,CP_4-MCP,4-Monoklorfenol,0.02,mg/kg,,True,0.02,totalanalyse
p09-MOA-004,"CP_2,3-DCP","2,3-Diklorfenol",0.02,mg/kg,,True,0.02,totalanalyse
p09-MOA-004,"CP_2,4+2,5-DCP","2,4+2,5-Diklorfenol",0.04,mg/kg,,True,0.04,totalanalyse
p09-MOA-004,"CP_2,6-DCP","2,6-Diklorfenol",0.02,mg/kg,,True,0.02,totalanalyse
p09-MOA-004,"CP_3,4-DCP","3,4-Diklorfenol",0.02,mg/kg,,True,0.02,totalanalyse
p09-MOA-004,"CP_3,5-DCP","3,5-Diklorfenol",0.02,mg/kg,,True,0.02,totalanalyse
p09-MOA-004,"CP_2,3,4-TCP","2,3,4-Triklorfenol",0.02,mg/kg,,True,0.02,totalanalyse
p09-MOA-004,"CP_2,3,5-TCP","2,3,5-Triklorfenol",0.02,mg/kg,,True,0.02,totalanalyse
p09-MOA-004,"CP_2,3,6-TCP","2,3,6-Triklorfenol",0.02,mg/kg,,True,0.02,totalanalyse
p09-MOA-004,"CP_2,4,5-TCP","2,4,5-Triklorfenol",0.02,mg/kg,,True,0.02,totalanalyse
p09-MOA-004,"CP_2,4,6-TCP","2,4,6-Triklorfenol",0.02,mg/kg,,True,0.02,totalanalyse
p09-MOA-004,"CP_3,4,5-TCP","3,4,5-Triklorfenol",0.02,mg/kg,,True,0.02,totalanalyse
p09-MOA-004,"CP_2,3,4,5-TeCP","2,3,4,5-Tetraklorfenol",0.02,mg/kg,,True,0.02,totalanalyse
p09-MOA-004,"CP_2,3,4,6-TeCP","2,3,4,6-Tetraklorfenol",0.02,mg/kg,,True,0.02,totalanalyse
p09-MOA-004,"CP_2,3,5,6-TeCP","2,3,5,6-Tetraklorfenol",0.02,mg/kg,,True,0.02,totalanalyse
p09-MOA-004,CP_PCP,Pentaklorfenol,0.006,mg/kg,,True,0.006,totalanalyse
p09-MOA-004,CB_MCB,Monoklorbensen,0.01,mg/kg,,True,0.01,totalanalyse
p09-MOA-004,"CB_1,2-DCB","1,2-Diklorbensen",0.02,mg/kg,,True,0.02,totalanalyse
p09-MOA-004,"CB_1,4-DCB","1,4-Diklorbensen",0.02,mg/kg,,True,0.02,totalanalyse
p09-MOA-004,"CB_1,2,3-TCB","1,2,3-Triklorbensen",0.01,mg/kg,,True,0.01,totalanalyse
p09-MOA-004,"CB_1,2,4-TCB","1,2,4-Triklorbensen",0.03,mg/kg,,True,0.03,totalanalyse
p09-MOA-004,"CB_1,3,5-TCB","1,3,5-Triklorbensen",0.01,mg/kg,,True,0.01,totalanalyse
p09-MOA-004,CB_TeCB,"1,2,3,5+1,2,4,5-Tetraklorbensen",0.02,mg/kg,,True,0.02,totalanalyse
p09-MOA-004,CB_PeCB,Pentaklorbensen,0.01,mg/kg,,True,0.01,totalanalyse
p09-MOA-004,CB_HCB,Heksaklorbensen,0.005,mg/kg,,True,0.005,totalanalyse
p09-MOA-004,VOC_DCM,Diklormetana,0.06,mg/kg,,True,0.06,totalanalyse
p09-MOA-004,VOC_Chloroform,Triklormetan (kloroform),0.02,mg/kg,,True,0.02,totalanalyse
p09-MOA-004,VOC_TCE,Trikloreten,0.01,mg/kg,,True,0.01,totalanalyse
p09-MOA-004,VOC_CCl4,Tetraklormetana,0.01,mg/kg,,True,0.01,totalanalyse
p09-MOA-004,VOC_PCE,Tetrakloreten,0.01,mg/kg,,True,0.01,totalanalyse
p09-MOA-004,"VOC_1,2-DCA","1,2-Dikloretan",0.003,mg/kg,,True,0.003,totalanalyse
p09-MOA-004,"VOC_1,1,1-TCA","1,1,1-Trikloretan",0.01,mg/kg,,True,0.01,totalanalyse
p09-MOA-004,VOC_EDB,"1,2-Dibrometan",0.004,mg/kg,,True,0.004,totalanalyse
p09-MOA-004,"VOC_1,1,2-TCA","1,1,2-Trikloretan",0.01,mg/kg,,True,0.01,totalanalyse
p09-MOA-004,PEST_Lindane,g-HCH (Lindan),0.001,mg/kg,,True,0.001,totalanalyse
p09-MOA-004,PEST_op-DDT,"o,p'-DDT",0.01,mg/kg,,True,0.01,totalanalyse
p09-MOA-004,PEST_pp-DDT,"p,p'-DDT",0.01,mg/kg,,True,0.01,totalanalyse
p09-MOA-004,PEST_op-DDD,"o,p'-DDD",0.01,mg/kg,,True,0.01,totalanalyse
p09-MOA-004,PEST_pp-DDD,"p,p'-DDD",0.01,mg/kg,,True,0.01,totalanalyse
p09-MOA-004,PEST_op-DDE,"o,p'-DDE",0.01,mg/kg,,True,0.01,totalanalyse
p09-MOA-004,PEST_pp-DDE,"p,p'-DDE",0.01,mg/kg,,True,0.01,totalanalyse
p09-MOA-D1,As,Arsen,1.2,mg/kg,2.0,False,,totalanalyse
p09-MOA-D1,Cd,Kadmium,0.83,mg/kg,0.1162,False,,totalanalyse
p09-MOA-D1,Cr,Krom,9.8,mg/kg,1.372,False,,totalanalyse
p09-MOA-D1,Cu,Kopper,400.0,mg/kg,56.0,False,,totalanalyse
p09-MOA-D1,Hg,Kvikksølv,0.01,mg/kg,,True,0.01,totalanalyse
p09-MOA-D1,Ni,Nikkel,9.0,mg/kg,1.26,False,,totalanalyse
p09-MOA-D1,Pb,Bly,3.0,mg/kg,2.0,False,,totalanalyse
p09-MOA-D1,Zn,Sink,200.0,mg/kg,20.0,False,,totalanalyse
p09-MOA-D1,PCB28,PCB 28,0.001,mg/kg,,True,0.001,totalanalyse
p09-MOA-D1,PCB52,PCB 52,0.001,mg/kg,,True,0.001,totalanalyse
p09-MOA-D1,PCB101,PCB 101,0.001,mg/kg,,True,0.001,totalanalyse
p09-MOA-D1,PCB118,PCB 118,0.001,mg/kg,,True,0.001,totalanalyse
p09-MOA-D1,PCB138,PCB 138,0.001,mg/kg,,True,0.001,totalanalyse
p09-MOA-D1,PCB153,PCB 153,0.001,mg/kg,,True,0.001,totalanalyse
p09-MOA-D1,PCB180,PCB 180,0.001,mg/kg,,True,0.001,totalanalyse
p09-MOA-D1,PCB7,Sum PCB-7,0.0,mg/kg,,True,,totalanalyse
p09-MOA-D1,Naftalen,Naftalen,0.01,mg/kg,,True,0.01,totalanalyse
p09-MOA-D1,Acenaftylen,Acenaftylen,0.01,mg/kg,,True,0.01,totalanalyse
p09-MOA-D1,Acenaften,Acenaften,0.01,mg/kg,,True,0.01,totalanalyse
p09-MOA-D1,Fluoren,Fluoren,0.01,mg/kg,,True,0.01,totalanalyse
p09-MOA-D1,Fenantren,Fenantren,0.01,mg/kg,,True,0.01,totalanalyse
p09-MOA-D1,Antracen,Antracen,0.01,mg/kg,,True,0.01,totalanalyse
p09-MOA-D1,Fluoranten,Fluoranten,0.01,mg/kg,,True,0.01,totalanalyse
p09-MOA-D1,Pyren,Pyren,0.01,mg/kg,,True,0.01,totalanalyse
p09-MOA-D1,Benzo(a)antracen,Benzo(a)antracen,0.01,mg/kg,,True,0.01,totalanalyse
p09-MOA-D1,Krysen,Krysen,0.01,mg/kg,,True,0.01,totalanalyse
p09-MOA-D1,Benzo(k)fluoranten,Benzo(k)fluoranten,0.01,mg/kg,,True,0.01,totalanalyse
p09-MOA-D1,BaP,Benzo(a)pyren,0.01,mg/kg,,True,0.01,totalanalyse
p09-MOA-D1,"Dibenzo(a,h)antracen","Dibenzo(a,h)antracen",0.01,mg/kg,,True,0.01,totalanalyse
p09-MOA-D1,Benzo(ghi)perylen,Benzo(ghi)perylen,0.01,mg/kg,,True,0.01,totalanalyse
p09-MOA-D1,"Indeno(1,2,3-cd)pyren","Indeno(1,2,3-cd)pyren",0.01,mg/kg,,True,0.01,totalanalyse
p09-MOA-D1,PAH16,Sum PAH-16,0.0,mg/kg,,True,,totalanalyse
p09-MOA-D1,Benzen,Benzen,0.01,mg/kg,,True,0.01,totalanalyse
p09-MOA-D1,Toluen,Toluen,0.04,mg/kg,,True,0.04,totalanalyse
p09-MOA-D1,Etylbenzen,Etylbenzen,0.04,mg/kg,,True,0.04,totalanalyse
p09-MOA-D1,Xylen,Xylener,0.04,mg/kg,,True,0.04,totalanalyse
p09-MOA-D1,BTEX,Sum BTEX,0.0,mg/kg,,True,,totalanalyse
p09-MOA-D1,THC C5-C6,Fraksjon >C5-C6,2.5,mg/kg,,True,2.5,totalanalyse
p09-MOA-D1,THC C6-C8,Fraksjon >C6-C8,7.0,mg/kg,,True,7.0,totalanalyse
p09-MOA-D1,THC C8-C10,Fraksjon >C8-C10,10.0,mg/kg,,True,10.0,totalanalyse
p09-MOA-D1,THC C10-C12,Fraksjon >C10-C12,10.0,mg/kg,,True,10.0,totalanalyse
p09-MOA-D1,THC C12-C16,Fraksjon >C12-C16,10.0,mg/kg,,True,10.0,totalanalyse
p09-MOA-D1,THC C16-C35,Fraksjon >C16-C35,230.0,mg/kg,69.0,False,,totalanalyse
p09-MOA-D1,THC C12-C35,Sum >C12-C35,230.0,mg/kg,,False,,totalanalyse
p09-MOA-D2,As,Arsen,3.8,mg/kg,2.0,False,,totalanalyse
p09-MOA-D2,Cd,Kadmium,1.2,mg/kg,0.168,False,,totalanalyse
p09-MOA-D2,Cr,Krom,8.8,mg/kg,1.232,False,,totalanalyse
p09-MOA-D2,Cu,Kopper,330.0,mg/kg,46.2,False,,totalanalyse
p09-MOA-D2,Hg,Kvikksølv,0.01,mg/kg,,True,0.01,totalanalyse
p09-MOA-D2,Ni,Nikkel,8.0,mg/kg,1.12,False,,totalanalyse
p09-MOA-D2,Pb,Bly,2.0,mg/kg,2.0,False,,totalanalyse
p09-MOA-D2,Zn,Sink,200.0,mg/kg,20.0,False,,totalanalyse
p09-MOA-D2,PCB28,PCB 28,0.001,mg/kg,,True,0.001,totalanalyse
p09-MOA-D2,PCB52,PCB 52,0.001,mg/kg,,True,0.001,totalanalyse
p09-MOA-D2,PCB101,PCB 101,0.001,mg/kg,,True,0.001,totalanalyse
p09-MOA-D2,PCB118,PCB 118,0.001,mg/kg,,True,0.001,totalanalyse
p09-MOA-D2,PCB138,PCB 138,0.001,mg/kg,,True,0.001,totalanalyse
p09-MOA-D2,PCB153,PCB 153,0.001,mg/kg,,True,0.001,totalanalyse
p09-MOA-D2,PCB180,PCB 180,0.001,mg/kg,,True,0.001,totalanalyse
p09-MOA-D2,PCB7,Sum PCB-7,0.0,mg/kg,,True,,totalanalyse
p09-MOA-D2,Naftalen,Naftalen,0.01,mg/kg,0.05,False,,totalanalyse
p09-MOA-D2,Acenaftylen,Acenaftylen,0.01,mg/kg,,True,0.01,totalanalyse
p09-MOA-D2,Acenaften,Acenaften,0.01,mg/kg,,True,0.01,totalanalyse
p09-MOA-D2,Fluoren,Fluoren,0.01,mg/kg,,True,0.01,totalanalyse
p09-MOA-D2,Fenantren,Fenantren,0.01,mg/kg,,True,0.01,totalanalyse
p09-MOA-D2,Antracen,Antracen,0.01,mg/kg,,True,0.01,totalanalyse
p09-MOA-D2,Fluoranten,Fluoranten,0.01,mg/kg,,True,0.01,totalanalyse
p09-MOA-D2,Pyren,Pyren,0.01,mg/kg,,True,0.01,totalanalyse
p09-MOA-D2,Benzo(a)antracen,Benzo(a)antracen,0.01,mg/kg,,True,0.01,totalanalyse
p09-MOA-D2,Krysen,Krysen,0.01,mg/kg,,True,0.01,totalanalyse
p09-MOA-D2,Benzo(k)fluoranten,Benzo(k)fluoranten,0.01,mg/kg,,True,0.01,totalanalyse
p09-MOA-D2,BaP,Benzo(a)pyren,0.01,mg/kg,,True,0.01,totalanalyse
p09-MOA-D2,"Dibenzo(a,h)antracen","Dibenzo(a,h)antracen",0.01,mg/kg,,True,0.01,totalanalyse
p09-MOA-D2,Benzo(ghi)perylen,Benzo(ghi)perylen,0.01,mg/kg,,True,0.01,totalanalyse
p09-MOA-D2,"Indeno(1,2,3-cd)pyren","Indeno(1,2,3-cd)pyren",0.01,mg/kg,,True,0.01,totalanalyse
p09-MOA-D2,PAH16,Sum PAH-16,0.01,mg/kg,,False,,totalanalyse
p09-MOA-D2,Benzen,Benzen,0.01,mg/kg,,True,0.01,totalanalyse
p09-MOA-D2,Toluen,Toluen,0.04,mg/kg,,True,0.04,totalanalyse
p09-MOA-D2,Etylbenzen,Etylbenzen,0.04,mg/kg,,True,0.04,totalanalyse
p09-MOA-D2,Xylen,Xylener,0.04,mg/kg,,True,0.04,totalanalyse
p09-MOA-D2,BTEX,Sum BTEX,0.0,mg/kg,,True,,totalanalyse
p09-MOA-D2,THC C5-C6,Fraksjon >C5-C6,2.5,mg/kg,,True,2.5,totalanalyse
p09-MOA-D2,THC C6-C8,Fraksjon >C6-C8,7.0,mg/kg,,True,7.0,totalanalyse
p09-MOA-D2,THC C8-C10,Fraksjon >C8-C10,10.0,mg/kg,,True,10.0,totalanalyse
p09-MOA-D2,THC C10-C12,Fraksjon >C10-C12,10.0,mg/kg,,True,10.0,totalanalyse
p09-MOA-D2,THC C12-C16,Fraksjon >C12-C16,10.0,mg/kg,,True,10.0,totalanalyse
p09-MOA-D2,THC C16-C35,Fraksjon >C16-C35,310.0,mg/kg,93.0,False,,totalanalyse
p09-MOA-D2,THC C12-C35,Sum >C12-C35,310.0,mg/kg,,False,,totalanalyse
p09-MOA-T1,As,Arsen,3.9,mg/kg,2.0,False,,totalanalyse
p09-MOA-T1,Cd,Kadmium,0.52,mg/kg,0.0728,False,,totalanalyse
p09-MOA-T1,Cr,Krom,16.0,mg/kg,2.24,False,,totalanalyse
p09-MOA-T1,Cu,Kopper,310.0,mg/kg,43.4,False,,totalanalyse
p09-MOA-T1,Hg,Kvikksølv,0.01,mg/kg,,True,0.01,totalanalyse
p09-MOA-T1,Ni,Nikkel,12.0,mg/kg,1.68,False,,totalanalyse
p09-MOA-T1,Pb,Bly,3.0,mg/kg,2.0,False,,totalanalyse
p09-MOA-T1,Zn,Sink,100.0,mg/kg,10.0,False,,totalanalyse
p09-MOA-T1,PCB28,PCB 28,0.001,mg/kg,,True,0.001,totalanalyse
p09-MOA-T1,PCB52,PCB 52,0.001,mg/kg,,True,0.001,totalanalyse
p09-MOA-T1,PCB101,PCB 101,0.001,mg/kg,,True,0.001,totalanalyse
p09-MOA-T1,PCB118,PCB 118,0.001,mg/kg,,True,0.001,totalanalyse
p09-MOA-T1,PCB138,PCB 138,0.001,mg/kg,,True,0.001,totalanalyse
p09-MOA-T1,PCB153,PCB 153,0.001,mg/kg,,True,0.001,totalanalyse
p09-MOA-T1,PCB180,PCB 180,0.001,mg/kg,,True,0.001,totalanalyse
p09-MOA-T1,PCB7,Sum PCB-7,0.0,mg/kg,,True,,totalanalyse
p09-MOA-T1,Naftalen,Naftalen,0.01,mg/kg,,True,0.01,totalanalyse
p09-MOA-T1,Acenaftylen,Acenaftylen,0.01,mg/kg,,True,0.01,totalanalyse
p09-MOA-T1,Acenaften,Acenaften,0.01,mg/kg,,True,0.01,totalanalyse
p09-MOA-T1,Fluoren,Fluoren,0.01,mg/kg,,True,0.01,totalanalyse
p09-MOA-T1,Fenantren,Fenantren,0.01,mg/kg,,True,0.01,totalanalyse
p09-MOA-T1,Antracen,Antracen,0.01,mg/kg,,True,0.01,totalanalyse
p09-MOA-T1,Fluoranten,Fluoranten,0.01,mg/kg,,True,0.01,totalanalyse
p09-MOA-T1,Pyren,Pyren,0.01,mg/kg,,True,0.01,totalanalyse
p09-MOA-T1,Benzo(a)antracen,Benzo(a)antracen,0.01,mg/kg,,True,0.01,totalanalyse
p09-MOA-T1,Krysen,Krysen,0.01,mg/kg,,True,0.01,totalanalyse
p09-MOA-T1,Benzo(k)fluoranten,Benzo(k)fluoranten,0.01,mg/kg,,True,0.01,totalanalyse
p09-MOA-T1,BaP,Benzo(a)pyren,0.01,mg/kg,,True,0.01,totalanalyse
p09-MOA-T1,"Dibenzo(a,h)antracen","Dibenzo(a,h)antracen",0.01,mg/kg,,True,0.01,totalanalyse
p09-MOA-T1,Benzo(ghi)perylen,Benzo(ghi)perylen,0.01,mg/kg,0.05,False,,totalanalyse
p09-MOA-T1,"Indeno(1,2,3-cd)pyren","Indeno(1,2,3-cd)pyren",0.01,mg/kg,,True,0.01,totalanalyse
p09-MOA-T1,PAH16,Sum PAH-16,0.01,mg/kg,,False,,totalanalyse
p09-MOA-T1,Benzen,Benzen,0.01,mg/kg,,True,0.01,totalanalyse
p09-MOA-T1,Toluen,Toluen,0.04,mg/kg,,True,0.04,totalanalyse
p09-MOA-T1,Etylbenzen,Etylbenzen,0.04,mg/kg,,True,0.04,totalanalyse
p09-MOA-T1,Xylen,Xylener,0.04,mg/kg,,True,0.04,totalanalyse
p09-MOA-T1,BTEX,Sum BTEX,0.0,mg/kg,,True,,totalanalyse
p09-MOA-T1,THC C5-C6,Fraksjon >C5-C6,2.5,mg/kg,,True,2.5,totalanalyse
p09-MOA-T1,THC C6-C8,Fraksjon >C6-C8,7.0,mg/kg,,True,7.0,totalanalyse
p09-MOA-T1,THC C8-C10,Fraksjon >C8-C10,10.0,mg/kg,,True,10.0,totalanalyse
p09-MOA-T1,THC C10-C12,Fraksjon >C10-C12,10.0,mg/kg,,True,10.0,totalanalyse
p09-MOA-T1,THC C12-C16,Fraksjon >C12-C16,10.0,mg/kg,,True,10.0,totalanalyse
p09-MOA-T1,THC C16-C35,Fraksjon >C16-C35,490.0,mg/kg,147.0,False,,totalanalyse
p09-MOA-T1,THC C12-C35,Sum >C12-C35,490.0,mg/kg,,False,,totalanalyse
p09-MOA-T2,As,Arsen,7.8,mg/kg,2.34,False,,totalanalyse
p09-MOA-T2,Cd,Kadmium,1.1,mg/kg,0.154,False,,totalanalyse
p09-MOA-T2,Cr,Krom,22.0,mg/kg,3.08,False,,totalanalyse
p09-MOA-T2,Cu,Kopper,670.0,mg/kg,93.8,False,,totalanalyse
p09-MOA-T2,Hg,Kvikksølv,0.01,mg/kg,,True,0.01,totalanalyse
p09-MOA-T2,Ni,Nikkel,22.0,mg/kg,3.08,False,,totalanalyse
p09-MOA-T2,Pb,Bly,6.0,mg/kg,2.0,False,,totalanalyse
p09-MOA-T2,Zn,Sink,230.0,mg/kg,23.0,False,,totalanalyse
p09-MOA-T2,PCB28,PCB 28,0.001,mg/kg,,True,0.001,totalanalyse
p09-MOA-T2,PCB52,PCB 52,0.001,mg/kg,,True,0.001,totalanalyse
p09-MOA-T2,PCB101,PCB 101,0.001,mg/kg,,True,0.001,totalanalyse
p09-MOA-T2,PCB118,PCB 118,0.001,mg/kg,,True,0.001,totalanalyse
p09-MOA-T2,PCB138,PCB 138,0.001,mg/kg,,True,0.001,totalanalyse
p09-MOA-T2,PCB153,PCB 153,0.001,mg/kg,,True,0.001,totalanalyse
p09-MOA-T2,PCB180,PCB 180,0.001,mg/kg,,True,0.001,totalanalyse
p09-MOA-T2,PCB7,Sum PCB-7,0.0,mg/kg,,True,,totalanalyse
p09-MOA-T2,Naftalen,Naftalen,0.01,mg/kg,,True,0.01,totalanalyse
p09-MOA-T2,Acenaftylen,Acenaftylen,0.01,mg/kg,,True,0.01,totalanalyse
p09-MOA-T2,Acenaften,Acenaften,0.01,mg/kg,,True,0.01,totalanalyse
p09-MOA-T2,Fluoren,Fluoren,0.01,mg/kg,,True,0.01,totalanalyse
p09-MOA-T2,Fenantren,Fenantren,0.01,mg/kg,,True,0.01,totalanalyse
p09-MOA-T2,Antracen,Antracen,0.01,mg/kg,,True,0.01,totalanalyse
p09-MOA-T2,Fluoranten,Fluoranten,0.01,mg/kg,,True,0.01,totalanalyse
p09-MOA-T2,Pyren,Pyren,0.013,mg/kg,0.05,False,,totalanalyse
p09-MOA-T2,Benzo(a)antracen,Benzo(a)antracen,0.01,mg/kg,,True,0.01,totalanalyse
p09-MOA-T2,Krysen,Krysen,0.01,mg/kg,,True,0.01,totalanalyse
p09-MOA-T2,Benzo(k)fluoranten,Benzo(k)fluoranten,0.01,mg/kg,,True,0.01,totalanalyse
p09-MOA-T2,BaP,Benzo(a)pyren,0.01,mg/kg,,True,0.01,totalanalyse
p09-MOA-T2,"Dibenzo(a,h)antracen","Dibenzo(a,h)antracen",0.01,mg/kg,,True,0.01,totalanalyse
p09-MOA-T2,Benzo(ghi)perylen,Benzo(ghi)perylen,0.016,mg/kg,0.05,False,,totalanalyse
p09-MOA-T2,"Indeno(1,2,3-cd)pyren","Indeno(1,2,3-cd)pyren",0.01,mg/kg,,True,0.01,totalanalyse
p09-MOA-T2,PAH16,Sum PAH-16,0.029,mg/kg,,False,,totalanalyse
p09-MOA-T2,Benzen,Benzen,0.01,mg/kg,,True,0.01,totalanalyse
p09-MOA-T2,Toluen,Toluen,0.04,mg/kg,,True,0.04,totalanalyse
p09-MOA-T2,Etylbenzen,Etylbenzen,0.04,mg/kg,,True,0.04,totalanalyse
p09-MOA-T2,Xylen,Xylener,0.04,mg/kg,,True,0.04,totalanalyse
p09-MOA-T2,BTEX,Sum BTEX,0.0,mg/kg,,True,,totalanalyse
p09-MOA-T2,THC C5-C6,Fraksjon >C5-C6,2.5,mg/kg,,True,2.5,totalanalyse
p09-MOA-T2,THC C6-C8,Fraksjon >C6-C8,7.0,mg/kg,,True,7.0,totalanalyse
p09-MOA-T2,THC C8-C10,Fraksjon >C8-C10,10.0,mg/kg,,True,10.0,totalanalyse
p09-MOA-T2,THC C10-C12,Fraksjon >C10-C12,10.0,mg/kg,,True,10.0,totalanalyse
p09-MOA-T2,THC C12-C16,Fraksjon >C12-C16,10.0,mg/kg,,True,10.0,totalanalyse
p09-MOA-T2,THC C16-C35,Fraksjon >C16-C35,670.0,mg/kg,201.0,False,,totalanalyse
p09-MOA-T2,THC C12-C35,Sum >C12-C35,670.0,mg/kg,,False,,totalanalyse
